customer_id,order_id,purchase_date,order_value,segment_true
C1129,O1129_02,2024-12-27,120.03,at_risk
C1020,O1020_11,2024-12-24,86.4,champion
C1042,O1042_07,2024-07-23,39.69,loyal
C1140,O1140_01,2025-01-03,48.66,at_risk
C1019,O1019_30,2025-02-11,44.54,champion
C1023,O1023_07,2024-05-10,77.31,champion
C1096,O1096_02,2024-03-14,74.29,new
C1016,O1016_05,2024-02-19,77.34,champion
C1072,O1072_01,2026-01-02,57.45,potential
C1090,O1090_02,2025-01-07,83.14,potential
C1197,O1197_02,2025-02-02,20.28,lost
C1027,O1027_06,2025-04-30,49.49,loyal
C1005,O1005_17,2024-04-02,144.61,champion
C1083,O1083_07,2024-07-26,31.67,potential
C1058,O1058_04,2024-06-13,47.48,loyal
C1186,O1186_06,2024-07-11,50.9,hibernating
C1006,O1006_02,2024-08-24,130.79,champion
C1067,O1067_03,2025-01-03,35.0,potential
C1014,O1014_18,2025-03-28,114.55,champion
C1018,O1018_03,2024-10-09,83.04,champion
C1183,O1183_03,2025-10-23,76.76,hibernating
C1016,O1016_27,2024-07-27,48.05,champion
C1076,O1076_08,2025-08-29,41.37,potential
C1027,O1027_12,2024-01-17,29.21,loyal
C1128,O1128_08,2025-04-25,26.08,at_risk
C1018,O1018_15,2024-07-21,86.11,champion
C1019,O1019_17,2024-01-04,68.99,champion
C1071,O1071_07,2026-02-26,62.4,potential
C1001,O1001_01,2026-02-01,55.76,champion
C1004,O1004_19,2024-03-21,150.85,champion
C1036,O1036_14,2024-02-19,53.0,loyal
C1054,O1054_15,2024-12-05,58.68,loyal
C1171,O1171_01,2025-09-13,98.45,hibernating
C1029,O1029_07,2024-09-03,53.52,loyal
C1008,O1008_10,2024-12-22,27.73,champion
C1149,O1149_18,2026-01-26,55.37,cant_lose
C1139,O1139_05,2024-01-05,62.22,at_risk
C1064,O1064_02,2026-01-19,39.66,potential
C1022,O1022_27,2024-04-01,41.37,champion
C1030,O1030_10,2025-10-03,47.54,loyal
C1163,O1163_03,2025-05-06,140.15,hibernating
C1075,O1075_08,2025-12-25,30.76,potential
C1154,O1154_20,2025-08-05,59.99,cant_lose
C1001,O1001_15,2024-06-03,68.93,champion
C1175,O1175_01,2024-08-03,108.27,hibernating
C1001,O1001_19,2024-11-19,55.27,champion
C1027,O1027_13,2024-07-10,31.71,loyal
C1014,O1014_11,2024-02-16,106.38,champion
C1192,O1192_01,2024-08-22,60.14,lost
C1139,O1139_07,2024-10-09,66.56,at_risk
C1050,O1050_02,2024-02-04,40.9,loyal
C1022,O1022_13,2024-11-21,38.24,champion
C1155,O1155_23,2026-01-21,41.91,cant_lose
C1135,O1135_13,2025-11-09,18.77,at_risk
C1017,O1017_15,2025-03-31,66.92,champion
C1133,O1133_07,2024-04-19,70.31,at_risk
C1090,O1090_05,2024-06-15,130.14,potential
C1021,O1021_05,2025-10-22,135.45,champion
C1140,O1140_12,2025-02-23,48.83,at_risk
C1157,O1157_12,2025-08-12,32.08,cant_lose
C1100,O1100_03,2025-11-09,56.43,new
C1012,O1012_03,2025-04-27,146.12,champion
C1006,O1006_09,2024-04-17,140.35,champion
C1095,O1095_01,2025-10-16,199.66,new
C1019,O1019_12,2025-07-22,54.81,champion
C1084,O1084_09,2025-01-08,40.63,potential
C1138,O1138_03,2024-02-22,63.65,at_risk
C1008,O1008_29,2024-10-13,38.29,champion
C1141,O1141_04,2025-05-21,51.09,at_risk
C1012,O1012_11,2024-04-18,147.05,champion
C1162,O1162_14,2025-10-01,185.74,cant_lose
C1030,O1030_03,2024-06-28,23.31,loyal
C1021,O1021_17,2025-12-30,58.22,champion
C1008,O1008_05,2025-01-19,66.14,champion
C1076,O1076_05,2024-03-07,43.92,potential
C1083,O1083_06,2025-04-19,36.57,potential
C1005,O1005_20,2026-01-18,47.4,champion
C1117,O1117_03,2024-02-12,36.56,at_risk
C1134,O1134_07,2026-01-27,87.78,at_risk
C1078,O1078_09,2026-02-17,18.41,potential
C1153,O1153_03,2024-08-30,84.04,cant_lose
C1060,O1060_04,2025-05-11,16.0,loyal
C1009,O1009_03,2024-03-10,90.3,champion
C1130,O1130_08,2025-01-14,52.62,at_risk
C1156,O1156_21,2024-07-11,21.08,cant_lose
C1052,O1052_15,2024-07-25,49.73,loyal
C1075,O1075_01,2024-07-22,48.16,potential
C1145,O1145_03,2025-11-04,29.48,at_risk
C1157,O1157_17,2026-01-04,82.09,cant_lose
C1019,O1019_05,2024-04-26,65.05,champion
C1031,O1031_09,2025-07-25,66.28,loyal
C1033,O1033_10,2025-08-27,17.4,loyal
C1019,O1019_33,2024-09-19,32.32,champion
C1083,O1083_03,2024-04-10,33.94,potential
C1072,O1072_10,2024-06-11,20.3,potential
C1095,O1095_02,2026-02-25,229.28,new
C1123,O1123_04,2024-03-26,102.94,at_risk
C1126,O1126_02,2025-07-20,119.85,at_risk
C1040,O1040_17,2025-10-08,40.28,loyal
C1159,O1159_12,2025-01-07,80.38,cant_lose
C1022,O1022_10,2024-03-08,67.3,champion
C1135,O1135_10,2024-12-30,50.87,at_risk
C1127,O1127_11,2024-01-26,45.11,at_risk
C1036,O1036_11,2025-05-28,32.08,loyal
C1019,O1019_08,2025-10-19,83.19,champion
C1003,O1003_33,2025-08-20,17.77,champion
C1030,O1030_20,2025-12-29,46.92,loyal
C1033,O1033_17,2024-01-11,20.45,loyal
C1007,O1007_04,2025-10-13,142.47,champion
C1073,O1073_04,2024-11-22,34.11,potential
C1027,O1027_14,2024-04-28,29.51,loyal
C1048,O1048_11,2026-01-10,34.54,loyal
C1117,O1117_02,2025-09-08,28.07,at_risk
C1022,O1022_32,2024-03-02,47.75,champion
C1154,O1154_05,2025-05-12,34.48,cant_lose
C1116,O1116_05,2025-03-18,64.07,at_risk
C1003,O1003_17,2024-11-24,22.96,champion
C1057,O1057_04,2024-09-09,32.75,loyal
C1120,O1120_03,2026-02-07,57.61,at_risk
C1003,O1003_13,2025-01-02,55.3,champion
C1027,O1027_11,2026-02-20,26.98,loyal
C1049,O1049_01,2026-02-25,75.09,loyal
C1115,O1115_02,2024-02-01,36.44,at_risk
C1020,O1020_01,2025-01-27,99.16,champion
C1031,O1031_03,2025-02-12,29.93,loyal
C1119,O1119_07,2024-03-18,64.18,at_risk
C1002,O1002_15,2024-08-30,109.04,champion
C1128,O1128_01,2025-04-23,32.41,at_risk
C1073,O1073_06,2024-09-01,41.6,potential
C1064,O1064_10,2024-12-09,59.22,potential
C1157,O1157_03,2025-05-25,69.31,cant_lose
C1156,O1156_04,2024-04-03,81.49,cant_lose
C1010,O1010_02,2025-12-05,44.82,champion
C1007,O1007_02,2024-03-16,67.9,champion
C1160,O1160_02,2024-03-14,103.9,cant_lose
C1091,O1091_01,2025-01-02,352.06,new
C1008,O1008_03,2025-01-08,83.33,champion
C1152,O1152_06,2025-11-04,128.84,cant_lose
C1011,O1011_08,2025-01-09,150.12,champion
C1041,O1041_02,2025-09-02,41.55,loyal
C1144,O1144_02,2025-03-20,56.22,at_risk
C1084,O1084_06,2024-02-06,39.01,potential
C1019,O1019_07,2024-08-03,58.36,champion
C1023,O1023_35,2025-10-02,33.53,champion
C1016,O1016_17,2025-03-03,30.99,champion
C1072,O1072_04,2024-11-20,28.84,potential
C1072,O1072_06,2024-05-19,44.25,potential
C1023,O1023_30,2025-12-13,42.95,champion
C1004,O1004_14,2026-01-05,49.98,champion
C1078,O1078_05,2025-03-06,18.85,potential
C1176,O1176_02,2024-10-23,44.28,hibernating
C1149,O1149_08,2025-05-04,63.29,cant_lose
C1018,O1018_09,2025-12-31,49.32,champion
C1122,O1122_02,2025-04-02,57.36,at_risk
C1125,O1125_06,2025-11-09,27.83,at_risk
C1112,O1112_09,2025-03-01,37.57,at_risk
C1120,O1120_07,2024-10-09,45.13,at_risk
C1149,O1149_03,2024-06-26,81.07,cant_lose
C1177,O1177_01,2025-10-18,125.63,hibernating
C1015,O1015_30,2025-01-11,40.84,champion
C1006,O1006_24,2026-02-21,149.97,champion
C1149,O1149_01,2025-11-19,72.07,cant_lose
C1034,O1034_04,2025-05-15,84.54,loyal
C1144,O1144_09,2024-08-28,66.09,at_risk
C1136,O1136_01,2024-06-26,35.11,at_risk
C1127,O1127_12,2024-11-25,42.0,at_risk
C1040,O1040_04,2024-12-14,41.73,loyal
C1148,O1148_02,2025-03-31,59.36,cant_lose
C1041,O1041_10,2025-07-16,28.66,loyal
C1094,O1094_03,2024-08-31,65.45,new
C1011,O1011_16,2025-09-17,45.77,champion
C1083,O1083_04,2024-06-02,20.51,potential
C1019,O1019_16,2024-09-05,23.61,champion
C1143,O1143_04,2026-01-28,99.74,at_risk
C1014,O1014_14,2025-02-14,127.11,champion
C1149,O1149_12,2024-02-22,92.95,cant_lose
C1002,O1002_14,2024-10-17,199.63,champion
C1161,O1161_06,2025-10-14,104.67,cant_lose
C1118,O1118_14,2024-03-24,69.15,at_risk
C1050,O1050_05,2024-11-23,44.52,loyal
C1067,O1067_06,2024-04-10,29.37,potential
C1017,O1017_21,2024-09-22,97.91,champion
C1186,O1186_04,2025-10-24,26.3,hibernating
C1022,O1022_07,2025-06-16,56.54,champion
C1093,O1093_03,2025-08-03,114.41,new
C1156,O1156_08,2026-01-11,45.19,cant_lose
C1030,O1030_05,2026-01-12,25.97,loyal
C1023,O1023_36,2024-10-02,16.57,champion
C1125,O1125_09,2025-06-09,18.49,at_risk
C1017,O1017_07,2025-10-27,41.63,champion
C1007,O1007_03,2025-06-16,105.35,champion
C1018,O1018_14,2024-02-01,117.17,champion
C1158,O1158_02,2025-07-06,78.47,cant_lose
C1042,O1042_05,2024-05-20,53.44,loyal
C1060,O1060_05,2024-07-21,35.34,loyal
C1162,O1162_01,2025-09-04,104.58,cant_lose
C1041,O1041_08,2024-03-01,50.26,loyal
C1064,O1064_06,2025-03-11,20.6,potential
C1073,O1073_02,2025-03-17,20.91,potential
C1080,O1080_08,2025-06-07,40.92,potential
C1015,O1015_07,2026-01-24,59.87,champion
C1145,O1145_11,2024-09-10,27.37,at_risk
C1024,O1024_19,2025-09-02,84.51,champion
C1158,O1158_06,2024-12-07,54.18,cant_lose
C1065,O1065_03,2024-09-28,29.98,potential
C1019,O1019_34,2025-07-14,97.88,champion
C1029,O1029_06,2025-10-28,43.87,loyal
C1024,O1024_08,2024-07-14,108.49,champion
C1028,O1028_12,2024-10-14,23.55,loyal
C1054,O1054_07,2024-06-10,31.08,loyal
C1017,O1017_23,2024-02-13,139.57,champion
C1115,O1115_03,2025-08-30,31.2,at_risk
C1029,O1029_03,2024-11-24,92.85,loyal
C1135,O1135_07,2025-09-18,35.72,at_risk
C1135,O1135_12,2024-02-01,38.86,at_risk
C1051,O1051_17,2024-09-06,40.68,loyal
C1151,O1151_08,2024-11-19,112.94,cant_lose
C1024,O1024_03,2024-10-13,93.33,champion
C1028,O1028_10,2025-09-11,30.01,loyal
C1044,O1044_05,2024-12-15,31.18,loyal
C1017,O1017_14,2025-05-06,31.36,champion
C1136,O1136_05,2025-01-26,31.04,at_risk
C1020,O1020_21,2025-02-09,33.31,champion
C1084,O1084_03,2025-04-20,29.85,potential
C1002,O1002_04,2026-02-23,211.44,champion
C1158,O1158_18,2025-05-17,31.01,cant_lose
C1015,O1015_27,2024-06-07,33.87,champion
C1086,O1086_01,2024-06-08,99.69,potential
C1054,O1054_01,2024-06-08,37.75,loyal
C1013,O1013_16,2024-07-05,71.52,champion
C1158,O1158_17,2025-07-20,91.83,cant_lose
C1132,O1132_03,2026-02-12,99.28,at_risk
C1043,O1043_11,2024-08-28,63.46,loyal
C1025,O1025_06,2025-09-30,35.1,loyal
C1063,O1063_05,2024-05-21,50.67,potential
C1170,O1170_02,2024-10-22,78.93,hibernating
C1001,O1001_18,2025-07-03,68.8,champion
C1038,O1038_07,2024-11-24,46.36,loyal
C1044,O1044_19,2024-01-17,50.64,loyal
C1134,O1134_06,2025-06-08,81.53,at_risk
C1016,O1016_21,2024-12-14,105.02,champion
C1107,O1107_03,2024-04-25,134.34,new
C1185,O1185_05,2025-10-27,26.64,hibernating
C1011,O1011_04,2025-03-26,77.63,champion
C1011,O1011_15,2024-05-22,80.7,champion
C1021,O1021_11,2025-08-26,97.35,champion
C1053,O1053_09,2025-02-09,67.33,loyal
C1034,O1034_11,2025-10-06,85.49,loyal
C1038,O1038_09,2024-03-20,22.1,loyal
C1153,O1153_07,2024-09-02,87.22,cant_lose
C1135,O1135_02,2025-10-08,49.72,at_risk
C1073,O1073_10,2025-10-18,24.37,potential
C1025,O1025_05,2025-01-18,79.08,loyal
C1021,O1021_15,2024-02-13,135.25,champion
C1070,O1070_04,2025-01-28,39.09,potential
C1157,O1157_06,2025-11-28,97.07,cant_lose
C1028,O1028_05,2025-07-18,45.93,loyal
C1122,O1122_08,2025-05-20,72.35,at_risk
C1021,O1021_10,2024-12-19,57.48,champion
C1014,O1014_15,2024-07-08,89.48,champion
C1021,O1021_16,2024-12-08,102.42,champion
C1014,O1014_21,2025-10-06,31.11,champion
C1010,O1010_07,2025-06-01,137.22,champion
C1054,O1054_18,2024-07-15,47.6,loyal
C1025,O1025_09,2025-08-04,51.73,loyal
C1196,O1196_02,2026-01-11,33.11,lost
C1016,O1016_24,2024-03-18,32.78,champion
C1008,O1008_27,2024-12-15,45.61,champion
C1022,O1022_06,2025-02-16,52.29,champion
C1131,O1131_03,2026-02-02,93.42,at_risk
C1140,O1140_03,2024-06-02,65.22,at_risk
C1002,O1002_02,2024-01-20,88.51,champion
C1040,O1040_15,2025-04-20,25.93,loyal
C1032,O1032_08,2025-10-06,79.19,loyal
C1115,O1115_13,2024-07-17,51.77,at_risk
C1009,O1009_33,2024-06-01,38.77,champion
C1146,O1146_01,2024-11-05,95.83,at_risk
C1032,O1032_07,2025-09-07,72.54,loyal
C1173,O1173_01,2024-06-23,103.79,hibernating
C1016,O1016_01,2025-03-31,52.33,champion
C1154,O1154_03,2026-02-14,62.77,cant_lose
C1013,O1013_22,2025-05-21,38.13,champion
C1158,O1158_08,2024-11-15,91.84,cant_lose
C1023,O1023_17,2024-06-06,60.59,champion
C1048,O1048_10,2025-08-27,28.57,loyal
C1036,O1036_13,2025-12-10,52.67,loyal
C1087,O1087_06,2025-05-22,66.39,potential
C1155,O1155_05,2024-11-27,26.26,cant_lose
C1128,O1128_13,2024-02-09,52.38,at_risk
C1013,O1013_10,2025-08-26,31.67,champion
C1059,O1059_08,2024-07-24,26.62,loyal
C1124,O1124_10,2024-09-26,33.85,at_risk
C1027,O1027_16,2025-01-07,58.84,loyal
C1137,O1137_08,2025-09-09,41.23,at_risk
C1115,O1115_04,2024-05-22,51.74,at_risk
C1158,O1158_19,2025-06-19,47.54,cant_lose
C1200,O1200_01,2024-03-16,43.1,lost
C1039,O1039_06,2025-04-06,31.71,loyal
C1028,O1028_06,2024-06-26,31.68,loyal
C1002,O1002_09,2024-08-23,216.64,champion
C1115,O1115_08,2024-10-27,42.47,at_risk
C1086,O1086_05,2026-01-16,55.33,potential
C1141,O1141_08,2024-03-23,83.78,at_risk
C1088,O1088_05,2024-06-18,38.01,potential
C1067,O1067_01,2025-08-07,79.38,potential
C1124,O1124_07,2024-08-08,33.96,at_risk
C1117,O1117_01,2024-07-05,56.9,at_risk
C1010,O1010_17,2025-11-25,72.76,champion
C1044,O1044_14,2026-02-18,50.06,loyal
C1061,O1061_07,2025-01-25,51.84,potential
C1008,O1008_22,2025-02-07,54.27,champion
C1015,O1015_15,2024-07-28,48.57,champion
C1024,O1024_18,2024-04-19,77.62,champion
C1151,O1151_07,2025-03-12,79.54,cant_lose
C1024,O1024_20,2024-08-16,85.18,champion
C1044,O1044_02,2026-01-10,29.56,loyal
C1019,O1019_22,2025-05-11,87.59,champion
C1054,O1054_13,2025-06-16,39.21,loyal
C1147,O1147_14,2025-11-23,129.75,cant_lose
C1044,O1044_09,2025-09-10,25.51,loyal
C1044,O1044_07,2025-05-22,22.39,loyal
C1024,O1024_05,2024-12-27,113.97,champion
C1054,O1054_09,2025-06-28,29.42,loyal
C1018,O1018_22,2025-05-13,85.52,champion
C1168,O1168_05,2024-10-12,28.27,hibernating
C1154,O1154_04,2024-03-27,52.25,cant_lose
C1009,O1009_02,2025-06-07,61.77,champion
C1006,O1006_21,2024-11-17,81.37,champion
C1154,O1154_11,2024-07-27,71.51,cant_lose
C1065,O1065_04,2024-05-01,52.66,potential
C1030,O1030_04,2024-03-08,36.43,loyal
C1028,O1028_15,2024-04-09,48.46,loyal
C1148,O1148_05,2024-07-18,40.06,cant_lose
C1057,O1057_14,2024-06-27,35.37,loyal
C1016,O1016_09,2025-09-23,68.14,champion
C1158,O1158_13,2025-04-30,90.51,cant_lose
C1112,O1112_01,2024-11-12,81.27,at_risk
C1031,O1031_17,2025-08-02,32.19,loyal
C1003,O1003_25,2025-05-31,88.67,champion
C1025,O1025_14,2025-03-25,41.75,loyal
C1054,O1054_17,2024-08-16,41.8,loyal
C1065,O1065_07,2025-11-08,35.34,potential
C1023,O1023_32,2024-04-01,43.44,champion
C1137,O1137_05,2024-08-04,43.57,at_risk
C1039,O1039_09,2024-01-30,42.91,loyal
C1024,O1024_07,2024-06-25,110.4,champion
C1001,O1001_30,2024-05-09,42.16,champion
C1009,O1009_13,2025-10-26,66.61,champion
C1014,O1014_12,2024-08-05,95.78,champion
C1147,O1147_06,2024-11-29,26.85,cant_lose
C1150,O1150_04,2024-05-04,49.96,cant_lose
C1117,O1117_05,2025-09-09,38.23,at_risk
C1017,O1017_18,2024-12-07,93.14,champion
C1029,O1029_10,2024-08-31,42.29,loyal
C1197,O1197_01,2026-01-30,62.48,lost
C1050,O1050_13,2025-04-26,52.76,loyal
C1001,O1001_36,2025-09-16,66.61,champion
C1156,O1156_16,2024-03-28,46.65,cant_lose
C1085,O1085_01,2025-06-05,101.59,potential
C1080,O1080_07,2024-08-04,35.25,potential
C1106,O1106_03,2025-01-12,100.86,new
C1030,O1030_12,2024-07-01,56.19,loyal
C1072,O1072_09,2024-01-28,32.27,potential
C1142,O1142_03,2024-02-11,64.35,at_risk
C1148,O1148_13,2024-03-18,72.21,cant_lose
C1125,O1125_10,2024-02-22,30.21,at_risk
C1034,O1034_06,2026-02-10,88.95,loyal
C1181,O1181_02,2024-02-11,66.69,hibernating
C1152,O1152_10,2026-01-24,54.65,cant_lose
C1022,O1022_24,2024-02-21,49.46,champion
C1006,O1006_18,2024-04-09,78.14,champion
C1162,O1162_02,2025-02-11,173.35,cant_lose
C1195,O1195_02,2024-09-26,17.2,lost
C1153,O1153_02,2024-10-27,155.19,cant_lose
C1128,O1128_11,2024-03-22,63.82,at_risk
C1153,O1153_04,2025-01-23,77.97,cant_lose
C1027,O1027_01,2024-08-19,51.51,loyal
C1016,O1016_31,2024-02-19,58.77,champion
C1065,O1065_08,2024-03-22,29.67,potential
C1010,O1010_21,2024-09-13,142.64,champion
C1118,O1118_03,2025-03-30,50.13,at_risk
C1048,O1048_04,2025-09-26,35.35,loyal
C1062,O1062_08,2025-03-24,28.81,potential
C1152,O1152_03,2025-12-04,39.07,cant_lose
C1118,O1118_10,2025-11-27,33.2,at_risk
C1011,O1011_20,2024-09-23,101.32,champion
C1012,O1012_15,2024-09-06,99.61,champion
C1031,O1031_16,2024-02-18,45.41,loyal
C1013,O1013_06,2025-11-16,75.22,champion
C1016,O1016_29,2024-01-24,54.14,champion
C1007,O1007_08,2024-11-27,161.22,champion
C1003,O1003_23,2025-07-23,89.96,champion
C1057,O1057_01,2025-12-01,46.46,loyal
C1047,O1047_01,2024-12-09,39.76,loyal
C1059,O1059_03,2024-05-06,34.52,loyal
C1134,O1134_01,2024-02-28,22.61,at_risk
C1060,O1060_03,2025-06-07,48.19,loyal
C1157,O1157_08,2025-08-14,43.1,cant_lose
C1018,O1018_11,2025-05-09,52.68,champion
C1188,O1188_02,2026-01-27,23.93,lost
C1014,O1014_09,2025-11-01,65.61,champion
C1015,O1015_33,2025-10-20,48.67,champion
C1144,O1144_03,2024-01-28,29.1,at_risk
C1134,O1134_02,2024-09-02,39.32,at_risk
C1053,O1053_08,2024-09-06,87.66,loyal
C1080,O1080_04,2025-12-15,42.81,potential
C1121,O1121_05,2025-01-28,98.93,at_risk
C1049,O1049_07,2024-11-14,67.38,loyal
C1004,O1004_20,2025-02-13,83.64,champion
C1055,O1055_12,2024-07-21,58.69,loyal
C1116,O1116_06,2025-01-08,60.37,at_risk
C1158,O1158_10,2024-03-20,62.58,cant_lose
C1159,O1159_13,2024-05-26,102.09,cant_lose
C1113,O1113_03,2024-04-18,48.12,at_risk
C1070,O1070_05,2024-06-09,31.11,potential
C1155,O1155_09,2024-09-17,78.88,cant_lose
C1115,O1115_10,2024-08-02,56.41,at_risk
C1063,O1063_03,2024-11-15,35.19,potential
C1003,O1003_16,2025-11-07,28.06,champion
C1143,O1143_03,2025-01-17,124.85,at_risk
C1001,O1001_16,2025-08-14,45.27,champion
C1011,O1011_12,2024-01-10,35.23,champion
C1144,O1144_04,2024-07-28,50.84,at_risk
C1021,O1021_08,2024-03-20,134.32,champion
C1017,O1017_12,2025-12-09,123.94,champion
C1120,O1120_02,2024-03-11,56.48,at_risk
C1088,O1088_01,2024-04-28,49.78,potential
C1018,O1018_12,2025-11-26,94.64,champion
C1008,O1008_37,2024-06-12,57.39,champion
C1089,O1089_01,2024-06-20,46.43,potential
C1079,O1079_05,2025-11-20,57.11,potential
C1053,O1053_03,2026-02-06,35.74,loyal
C1149,O1149_10,2025-04-26,93.64,cant_lose
C1148,O1148_11,2024-03-18,118.85,cant_lose
C1009,O1009_17,2024-09-07,88.77,champion
C1157,O1157_09,2025-11-21,100.64,cant_lose
C1055,O1055_03,2025-12-13,62.87,loyal
C1048,O1048_12,2024-11-07,54.43,loyal
C1036,O1036_09,2025-06-23,37.44,loyal
C1078,O1078_06,2025-03-24,22.59,potential
C1041,O1041_15,2025-02-16,48.54,loyal
C1066,O1066_02,2024-03-17,47.77,potential
C1192,O1192_02,2026-01-25,87.13,lost
C1162,O1162_10,2026-01-22,151.49,cant_lose
C1033,O1033_11,2025-09-27,29.51,loyal
C1075,O1075_03,2025-05-10,38.44,potential
C1020,O1020_27,2024-05-21,32.9,champion
C1044,O1044_10,2024-02-14,34.09,loyal
C1033,O1033_06,2026-02-10,21.9,loyal
C1019,O1019_20,2024-12-05,24.45,champion
C1025,O1025_07,2024-02-26,42.28,loyal
C1017,O1017_10,2025-03-01,52.05,champion
C1075,O1075_02,2024-04-07,45.58,potential
C1015,O1015_24,2024-09-06,23.69,champion
C1153,O1153_12,2024-11-11,158.45,cant_lose
C1157,O1157_01,2024-03-18,113.0,cant_lose
C1131,O1131_04,2025-03-05,141.19,at_risk
C1111,O1111_08,2024-03-18,55.84,at_risk
C1087,O1087_02,2024-09-14,75.01,potential
C1061,O1061_02,2025-04-27,30.27,potential
C1011,O1011_23,2024-06-23,109.71,champion
C1150,O1150_03,2024-04-11,36.62,cant_lose
C1021,O1021_07,2025-01-27,67.59,champion
C1151,O1151_11,2024-06-25,166.14,cant_lose
C1200,O1200_02,2025-04-08,51.9,lost
C1161,O1161_01,2025-01-22,139.57,cant_lose
C1127,O1127_02,2025-02-25,58.42,at_risk
C1136,O1136_02,2025-02-24,30.23,at_risk
C1006,O1006_16,2024-09-17,106.76,champion
C1057,O1057_06,2025-04-26,29.27,loyal
C1110,O1110_01,2024-07-06,56.89,new
C1035,O1035_08,2024-04-21,66.54,loyal
C1088,O1088_04,2025-03-10,51.29,potential
C1011,O1011_05,2024-04-19,158.93,champion
C1156,O1156_01,2026-01-20,41.94,cant_lose
C1074,O1074_10,2025-08-28,37.86,potential
C1044,O1044_11,2024-04-26,17.98,loyal
C1160,O1160_05,2024-04-07,40.84,cant_lose
C1026,O1026_03,2024-10-26,74.29,loyal
C1197,O1197_03,2025-02-26,27.56,lost
C1145,O1145_05,2026-02-01,77.73,at_risk
C1033,O1033_04,2025-12-27,41.36,loyal
C1153,O1153_11,2025-11-18,81.67,cant_lose
C1026,O1026_09,2025-01-16,54.94,loyal
C1026,O1026_02,2024-04-29,95.06,loyal
C1133,O1133_01,2024-02-10,78.72,at_risk
C1143,O1143_02,2026-02-20,55.52,at_risk
C1023,O1023_03,2025-12-05,26.52,champion
C1006,O1006_17,2025-11-23,132.82,champion
C1005,O1005_13,2024-11-12,90.9,champion
C1035,O1035_03,2024-06-17,97.59,loyal
C1156,O1156_17,2025-07-23,77.59,cant_lose
C1004,O1004_05,2025-09-18,95.28,champion
C1124,O1124_04,2024-08-20,45.01,at_risk
C1004,O1004_07,2024-04-28,114.63,champion
C1139,O1139_02,2024-12-24,78.55,at_risk
C1001,O1001_20,2025-02-12,48.66,champion
C1131,O1131_02,2025-08-15,85.61,at_risk
C1157,O1157_07,2025-03-07,68.08,cant_lose
C1077,O1077_04,2025-09-22,106.99,potential
C1149,O1149_20,2025-01-07,61.34,cant_lose
C1005,O1005_01,2025-04-17,98.55,champion
C1112,O1112_06,2025-06-02,27.04,at_risk
C1006,O1006_04,2025-12-17,161.77,champion
C1114,O1114_13,2025-11-16,64.15,at_risk
C1115,O1115_06,2024-07-25,19.16,at_risk
C1056,O1056_04,2025-05-04,91.65,loyal
C1045,O1045_17,2026-02-14,60.47,loyal
C1069,O1069_10,2026-01-10,21.14,potential
C1080,O1080_05,2024-11-13,37.69,potential
C1145,O1145_09,2024-09-16,42.18,at_risk
C1036,O1036_02,2025-02-23,40.16,loyal
C1149,O1149_19,2025-01-19,88.39,cant_lose
C1128,O1128_02,2025-07-22,40.04,at_risk
C1003,O1003_22,2025-06-29,30.31,champion
C1136,O1136_14,2025-01-19,52.78,at_risk
C1142,O1142_08,2024-12-29,47.34,at_risk
C1043,O1043_04,2024-11-21,42.3,loyal
C1021,O1021_19,2025-09-16,121.93,champion
C1073,O1073_05,2024-09-28,22.93,potential
C1015,O1015_26,2025-11-07,46.5,champion
C1047,O1047_11,2024-10-06,45.96,loyal
C1159,O1159_01,2026-02-21,61.86,cant_lose
C1162,O1162_08,2025-04-08,101.17,cant_lose
C1190,O1190_03,2024-09-12,69.08,lost
C1016,O1016_20,2025-11-01,78.0,champion
C1031,O1031_13,2025-05-13,35.21,loyal
C1025,O1025_13,2024-05-14,28.41,loyal
C1018,O1018_04,2024-07-13,100.32,champion
C1017,O1017_03,2024-09-05,69.14,champion
C1132,O1132_06,2024-08-16,82.47,at_risk
C1152,O1152_05,2025-05-21,85.24,cant_lose
C1157,O1157_13,2024-10-29,55.4,cant_lose
C1107,O1107_02,2024-05-12,58.56,new
C1176,O1176_01,2025-10-30,82.05,hibernating
C1014,O1014_16,2025-02-11,42.71,champion
C1022,O1022_02,2024-05-07,42.01,champion
C1041,O1041_14,2025-05-28,59.13,loyal
C1012,O1012_06,2024-01-07,101.65,champion
C1020,O1020_25,2024-08-16,61.26,champion
C1005,O1005_22,2024-09-21,63.73,champion
C1161,O1161_04,2025-08-01,126.15,cant_lose
C1148,O1148_07,2024-05-02,42.49,cant_lose
C1033,O1033_03,2026-02-17,25.96,loyal
C1122,O1122_03,2024-01-26,102.3,at_risk
C1033,O1033_05,2024-06-05,49.73,loyal
C1052,O1052_08,2025-05-30,55.74,loyal
C1060,O1060_18,2025-04-27,40.52,loyal
C1161,O1161_02,2025-12-10,56.05,cant_lose
C1077,O1077_03,2024-11-06,66.76,potential
C1156,O1156_03,2024-04-28,65.26,cant_lose
C1162,O1162_03,2026-01-09,51.87,cant_lose
C1051,O1051_11,2024-03-29,32.29,loyal
C1023,O1023_25,2024-04-28,52.61,champion
C1008,O1008_30,2024-05-17,76.26,champion
C1041,O1041_17,2024-12-18,34.0,loyal
C1016,O1016_12,2025-10-16,64.22,champion
C1011,O1011_01,2024-12-07,99.72,champion
C1019,O1019_04,2025-10-05,73.81,champion
C1019,O1019_25,2024-04-03,114.45,champion
C1103,O1103_01,2024-08-07,170.6,new
C1020,O1020_22,2025-12-19,65.19,champion
C1015,O1015_17,2025-07-03,37.07,champion
C1111,O1111_09,2024-10-19,93.63,at_risk
C1049,O1049_02,2024-02-02,59.01,loyal
C1030,O1030_13,2024-05-26,40.26,loyal
C1164,O1164_03,2024-10-24,43.21,hibernating
C1019,O1019_29,2025-06-15,27.09,champion
C1031,O1031_10,2025-10-29,52.77,loyal
C1123,O1123_05,2024-01-11,56.8,at_risk
C1015,O1015_32,2025-12-06,36.75,champion
C1082,O1082_01,2024-08-09,36.95,potential
C1051,O1051_05,2025-12-02,33.84,loyal
C1038,O1038_16,2025-11-10,17.85,loyal
C1018,O1018_24,2024-05-05,59.58,champion
C1044,O1044_03,2024-11-13,29.01,loyal
C1115,O1115_09,2024-01-26,34.25,at_risk
C1151,O1151_05,2024-04-13,67.6,cant_lose
C1020,O1020_04,2025-10-09,40.93,champion
C1029,O1029_02,2024-12-23,64.79,loyal
C1051,O1051_04,2025-02-10,56.0,loyal
C1117,O1117_10,2025-07-07,38.09,at_risk
C1075,O1075_12,2024-05-05,26.59,potential
C1013,O1013_19,2025-11-09,51.95,champion
C1006,O1006_15,2024-02-04,37.12,champion
C1175,O1175_03,2024-03-09,75.14,hibernating
C1133,O1133_11,2025-04-09,50.53,at_risk
C1155,O1155_11,2025-12-17,38.1,cant_lose
C1189,O1189_01,2024-04-03,44.58,lost
C1059,O1059_12,2024-09-27,61.97,loyal
C1125,O1125_11,2025-07-28,56.5,at_risk
C1162,O1162_04,2025-09-09,85.09,cant_lose
C1154,O1154_08,2024-06-23,89.27,cant_lose
C1161,O1161_10,2025-03-12,158.23,cant_lose
C1058,O1058_01,2024-07-30,89.75,loyal
C1039,O1039_01,2025-11-11,73.63,loyal
C1192,O1192_03,2025-10-28,32.99,lost
C1005,O1005_18,2026-01-29,66.06,champion
C1006,O1006_10,2025-09-01,81.74,champion
C1005,O1005_06,2025-06-29,169.91,champion
C1032,O1032_03,2025-07-06,75.71,loyal
C1017,O1017_11,2026-01-14,74.92,champion
C1148,O1148_01,2024-04-16,92.26,cant_lose
C1153,O1153_06,2024-11-24,80.4,cant_lose
C1133,O1133_02,2024-04-13,28.55,at_risk
C1015,O1015_13,2024-05-13,45.79,champion
C1181,O1181_03,2025-12-19,34.46,hibernating
C1078,O1078_07,2024-01-18,33.16,potential
C1115,O1115_12,2024-04-02,50.46,at_risk
C1112,O1112_07,2024-04-08,52.79,at_risk
C1182,O1182_02,2025-11-17,111.26,hibernating
C1176,O1176_04,2024-06-25,63.65,hibernating
C1190,O1190_02,2025-11-20,63.57,lost
C1154,O1154_02,2026-02-16,98.85,cant_lose
C1153,O1153_05,2024-12-08,63.99,cant_lose
C1030,O1030_09,2024-04-09,35.03,loyal
C1068,O1068_01,2025-11-26,27.21,potential
C1007,O1007_19,2024-01-05,101.74,champion
C1001,O1001_23,2025-06-21,29.46,champion
C1026,O1026_07,2026-01-19,58.72,loyal
C1058,O1058_02,2024-08-27,100.39,loyal
C1048,O1048_02,2026-02-24,28.96,loyal
C1022,O1022_03,2024-07-26,19.01,champion
C1039,O1039_04,2025-07-30,62.34,loyal
C1023,O1023_26,2026-02-18,68.41,champion
C1100,O1100_01,2024-09-12,39.44,new
C1046,O1046_08,2025-09-20,59.14,loyal
C1007,O1007_17,2025-12-25,59.41,champion
C1149,O1149_02,2025-01-07,27.07,cant_lose
C1056,O1056_07,2024-05-10,55.74,loyal
C1083,O1083_02,2024-10-16,51.24,potential
C1059,O1059_01,2025-04-25,68.93,loyal
C1037,O1037_01,2025-03-23,79.28,loyal
C1056,O1056_06,2024-10-14,75.04,loyal
C1022,O1022_35,2025-05-21,26.51,champion
C1051,O1051_07,2024-05-06,27.29,loyal
C1017,O1017_17,2025-11-28,56.79,champion
C1117,O1117_06,2024-10-30,41.25,at_risk
C1006,O1006_08,2025-04-30,70.21,champion
C1005,O1005_02,2026-01-17,106.95,champion
C1144,O1144_08,2026-01-26,37.67,at_risk
C1001,O1001_31,2025-06-19,69.14,champion
C1068,O1068_08,2026-01-11,13.47,potential
C1073,O1073_01,2024-11-15,33.89,potential
C1130,O1130_11,2025-08-10,62.43,at_risk
C1144,O1144_01,2024-05-25,57.7,at_risk
C1001,O1001_07,2024-11-24,69.88,champion
C1065,O1065_06,2026-01-08,34.68,potential
C1132,O1132_05,2025-07-27,94.73,at_risk
C1114,O1114_08,2025-05-27,46.53,at_risk
C1015,O1015_19,2025-10-01,97.12,champion
C1137,O1137_09,2026-01-02,61.39,at_risk
C1028,O1028_16,2025-01-17,18.51,loyal
C1114,O1114_12,2025-10-15,71.69,at_risk
C1008,O1008_36,2024-11-22,37.04,champion
C1155,O1155_08,2025-03-26,82.29,cant_lose
C1055,O1055_02,2026-02-06,63.68,loyal
C1052,O1052_06,2025-02-25,73.1,loyal
C1009,O1009_09,2025-04-19,65.65,champion
C1024,O1024_14,2024-12-31,99.55,champion
C1001,O1001_04,2026-01-27,22.85,champion
C1009,O1009_05,2024-02-20,55.89,champion
C1037,O1037_05,2024-10-24,76.61,loyal
C1002,O1002_06,2024-09-25,204.24,champion
C1174,O1174_03,2024-10-18,68.24,hibernating
C1004,O1004_12,2024-03-25,97.12,champion
C1138,O1138_07,2024-08-12,75.86,at_risk
C1142,O1142_01,2024-09-06,66.76,at_risk
C1138,O1138_04,2024-03-05,62.57,at_risk
C1012,O1012_10,2024-03-06,135.82,champion
C1023,O1023_29,2024-07-31,34.24,champion
C1168,O1168_03,2024-07-25,45.97,hibernating
C1040,O1040_11,2025-11-02,43.62,loyal
C1033,O1033_01,2024-01-06,16.05,loyal
C1057,O1057_11,2025-07-25,31.7,loyal
C1156,O1156_18,2025-03-20,25.58,cant_lose
C1051,O1051_14,2025-06-20,42.18,loyal
C1046,O1046_04,2024-10-01,70.98,loyal
C1150,O1150_13,2025-01-02,139.56,cant_lose
C1047,O1047_07,2024-01-21,54.01,loyal
C1003,O1003_15,2025-12-26,39.51,champion
C1161,O1161_07,2024-02-02,113.2,cant_lose
C1053,O1053_06,2025-04-01,26.56,loyal
C1008,O1008_23,2025-12-11,72.82,champion
C1056,O1056_01,2026-02-23,55.62,loyal
C1014,O1014_08,2025-04-30,108.99,champion
C1122,O1122_05,2025-02-22,121.28,at_risk
C1033,O1033_14,2024-11-13,47.54,loyal
C1153,O1153_10,2025-05-23,72.93,cant_lose
C1150,O1150_10,2024-11-23,65.13,cant_lose
C1061,O1061_08,2024-07-21,46.47,potential
C1154,O1154_06,2024-06-02,49.44,cant_lose
C1006,O1006_11,2024-08-14,100.18,champion
C1140,O1140_06,2026-01-24,67.92,at_risk
C1099,O1099_01,2024-03-02,227.77,new
C1037,O1037_07,2024-10-12,110.25,loyal
C1046,O1046_07,2025-12-08,50.2,loyal
C1015,O1015_12,2024-11-18,25.75,champion
C1077,O1077_02,2024-07-08,63.89,potential
C1120,O1120_06,2026-02-18,37.27,at_risk
C1155,O1155_24,2024-06-29,36.31,cant_lose
C1012,O1012_20,2024-04-07,129.95,champion
C1152,O1152_09,2024-10-18,60.81,cant_lose
C1006,O1006_13,2024-04-27,63.45,champion
C1152,O1152_04,2025-05-18,71.85,cant_lose
C1021,O1021_09,2024-09-13,55.31,champion
C1022,O1022_33,2024-09-13,96.7,champion
C1113,O1113_02,2025-11-09,33.97,at_risk
C1159,O1159_03,2024-12-18,99.38,cant_lose
C1025,O1025_04,2024-04-05,63.66,loyal
C1020,O1020_09,2024-09-04,74.22,champion
C1017,O1017_13,2024-07-19,80.83,champion
C1082,O1082_02,2026-01-15,22.52,potential
C1013,O1013_03,2024-05-21,74.21,champion
C1063,O1063_02,2025-08-05,46.8,potential
C1003,O1003_06,2024-05-21,17.36,champion
C1002,O1002_08,2025-08-07,77.88,champion
C1006,O1006_03,2024-02-03,90.54,champion
C1009,O1009_29,2024-08-04,84.56,champion
C1072,O1072_02,2025-03-24,41.73,potential
C1078,O1078_02,2025-04-07,40.82,potential
C1030,O1030_11,2024-12-30,20.43,loyal
C1019,O1019_11,2025-02-21,21.99,champion
C1016,O1016_33,2025-09-18,51.64,champion
C1014,O1014_19,2025-12-24,107.28,champion
C1010,O1010_10,2025-05-30,93.52,champion
C1159,O1159_07,2025-10-14,68.26,cant_lose
C1170,O1170_03,2024-05-24,93.79,hibernating
C1005,O1005_14,2025-07-08,68.16,champion
C1022,O1022_22,2024-08-11,38.7,champion
C1062,O1062_04,2024-02-15,45.51,potential
C1023,O1023_06,2024-10-05,76.45,champion
C1003,O1003_14,2024-04-08,64.46,champion
C1148,O1148_03,2024-10-28,52.31,cant_lose
C1124,O1124_01,2025-08-13,24.97,at_risk
C1158,O1158_12,2025-09-04,71.06,cant_lose
C1004,O1004_10,2024-01-28,89.83,champion
C1124,O1124_06,2024-11-04,46.75,at_risk
C1043,O1043_10,2024-04-17,74.58,loyal
C1022,O1022_37,2024-06-30,62.7,champion
C1060,O1060_11,2025-04-20,47.63,loyal
C1133,O1133_04,2025-12-27,46.13,at_risk
C1156,O1156_07,2026-02-07,70.47,cant_lose
C1001,O1001_27,2025-01-12,30.99,champion
C1158,O1158_14,2024-05-14,128.98,cant_lose
C1096,O1096_01,2024-09-10,98.96,new
C1149,O1149_15,2025-05-01,45.74,cant_lose
C1084,O1084_01,2025-10-12,41.83,potential
C1057,O1057_20,2024-07-26,42.71,loyal
C1133,O1133_09,2024-05-03,56.97,at_risk
C1017,O1017_05,2025-08-01,51.69,champion
C1180,O1180_04,2024-04-11,35.86,hibernating
C1106,O1106_01,2025-11-28,33.99,new
C1060,O1060_07,2025-05-27,40.46,loyal
C1145,O1145_02,2025-04-23,31.0,at_risk
C1023,O1023_37,2024-02-27,40.54,champion
C1101,O1101_01,2024-08-27,108.53,new
C1113,O1113_07,2024-01-06,84.91,at_risk
C1116,O1116_01,2025-03-31,73.65,at_risk
C1073,O1073_11,2024-06-16,44.49,potential
C1062,O1062_01,2024-09-25,19.8,potential
C1004,O1004_03,2025-05-31,51.53,champion
C1159,O1159_06,2024-03-19,158.38,cant_lose
C1116,O1116_09,2024-05-07,73.08,at_risk
C1012,O1012_05,2024-08-24,87.0,champion
C1038,O1038_04,2025-01-04,29.36,loyal
C1048,O1048_17,2025-08-10,43.66,loyal
C1060,O1060_10,2026-02-18,30.33,loyal
C1027,O1027_04,2024-02-09,32.59,loyal
C1114,O1114_11,2025-01-12,27.94,at_risk
C1003,O1003_12,2025-11-19,53.32,champion
C1034,O1034_05,2026-01-24,57.66,loyal
C1064,O1064_03,2026-02-12,52.28,potential
C1048,O1048_13,2025-04-14,32.25,loyal
C1194,O1194_03,2024-04-06,44.8,lost
C1003,O1003_01,2024-02-27,51.88,champion
C1017,O1017_19,2025-01-17,138.25,champion
C1003,O1003_08,2025-06-28,36.72,champion
C1155,O1155_01,2025-10-02,54.38,cant_lose
C1114,O1114_05,2026-02-14,47.32,at_risk
C1109,O1109_02,2026-02-26,99.59,new
C1090,O1090_04,2025-05-12,82.47,potential
C1146,O1146_03,2024-07-15,129.87,at_risk
C1001,O1001_35,2026-01-09,57.22,champion
C1003,O1003_07,2026-01-25,50.43,champion
C1003,O1003_32,2025-12-30,55.07,champion
C1058,O1058_07,2025-03-24,49.76,loyal
C1050,O1050_07,2024-11-21,35.05,loyal
C1017,O1017_24,2025-09-28,44.13,champion
C1034,O1034_09,2024-07-26,72.25,loyal
C1069,O1069_08,2024-02-13,32.45,potential
C1054,O1054_16,2024-12-30,34.67,loyal
C1104,O1104_01,2024-04-22,38.95,new
C1059,O1059_05,2025-02-09,66.13,loyal
C1174,O1174_02,2026-02-13,30.1,hibernating
C1132,O1132_02,2025-09-28,155.94,at_risk
C1003,O1003_19,2024-11-30,83.72,champion
C1155,O1155_16,2025-02-17,74.04,cant_lose
C1153,O1153_13,2024-02-06,146.88,cant_lose
C1013,O1013_25,2025-05-09,77.09,champion
C1176,O1176_03,2025-10-07,80.5,hibernating
C1156,O1156_06,2026-01-20,70.77,cant_lose
C1009,O1009_25,2024-10-25,23.75,champion
C1052,O1052_11,2025-01-25,49.56,loyal
C1004,O1004_15,2025-05-19,41.87,champion
C1057,O1057_08,2024-09-15,46.98,loyal
C1118,O1118_08,2024-09-08,44.37,at_risk
C1044,O1044_12,2025-07-23,26.64,loyal
C1135,O1135_06,2025-10-01,49.15,at_risk
C1023,O1023_05,2024-07-21,50.5,champion
C1001,O1001_25,2025-03-31,86.84,champion
C1161,O1161_05,2025-05-02,116.11,cant_lose
C1135,O1135_08,2024-02-21,23.66,at_risk
C1118,O1118_06,2025-08-29,40.47,at_risk
C1150,O1150_14,2026-01-23,144.13,cant_lose
C1160,O1160_10,2024-08-23,39.28,cant_lose
C1147,O1147_13,2024-01-15,101.83,cant_lose
C1003,O1003_09,2024-08-23,36.96,champion
C1013,O1013_02,2024-08-21,23.48,champion
C1147,O1147_10,2024-03-22,99.26,cant_lose
C1007,O1007_07,2024-09-28,110.52,champion
C1008,O1008_19,2025-11-01,55.29,champion
C1073,O1073_09,2024-03-20,41.14,potential
C1184,O1184_01,2024-03-07,41.49,hibernating
C1016,O1016_35,2024-10-17,60.4,champion
C1027,O1027_17,2024-03-08,54.63,loyal
C1009,O1009_12,2024-11-19,37.06,champion
C1030,O1030_17,2025-02-06,26.48,loyal
C1001,O1001_26,2025-07-07,86.72,champion
C1180,O1180_01,2025-12-21,31.01,hibernating
C1022,O1022_21,2025-02-22,52.28,champion
C1045,O1045_09,2025-06-17,37.9,loyal
C1155,O1155_25,2024-08-22,63.02,cant_lose
C1008,O1008_17,2024-03-12,35.32,champion
C1016,O1016_03,2025-11-17,56.72,champion
C1001,O1001_06,2024-05-02,61.26,champion
C1013,O1013_07,2026-01-28,40.47,champion
C1155,O1155_19,2026-01-17,90.89,cant_lose
C1038,O1038_20,2024-03-21,30.61,loyal
C1016,O1016_32,2024-06-26,20.78,champion
C1041,O1041_03,2025-10-06,37.43,loyal
C1002,O1002_11,2025-11-04,207.79,champion
C1118,O1118_04,2024-08-22,55.46,at_risk
C1123,O1123_03,2025-11-27,55.69,at_risk
C1155,O1155_22,2024-05-20,40.4,cant_lose
C1032,O1032_01,2024-08-09,95.88,loyal
C1114,O1114_07,2025-06-06,26.76,at_risk
C1015,O1015_05,2024-12-29,87.16,champion
C1067,O1067_05,2024-10-22,35.0,potential
C1018,O1018_20,2024-12-05,132.47,champion
C1020,O1020_14,2024-07-18,36.78,champion
C1062,O1062_05,2025-08-23,53.64,potential
C1127,O1127_07,2024-08-12,56.76,at_risk
C1127,O1127_06,2024-11-30,78.55,at_risk
C1051,O1051_03,2025-07-14,33.0,loyal
C1154,O1154_18,2025-03-23,87.83,cant_lose
C1049,O1049_05,2025-05-16,60.05,loyal
C1140,O1140_05,2024-04-29,31.7,at_risk
C1181,O1181_04,2026-02-12,69.72,hibernating
C1026,O1026_12,2025-11-09,67.3,loyal
C1055,O1055_10,2024-02-10,64.91,loyal
C1147,O1147_01,2026-02-11,117.76,cant_lose
C1159,O1159_09,2025-09-14,147.21,cant_lose
C1086,O1086_04,2024-02-04,113.92,potential
C1022,O1022_09,2024-07-31,35.56,champion
C1071,O1071_06,2025-01-09,39.2,potential
C1072,O1072_07,2024-09-10,24.18,potential
C1023,O1023_28,2025-02-17,16.97,champion
C1155,O1155_07,2024-04-17,36.97,cant_lose
C1138,O1138_05,2024-09-08,98.77,at_risk
C1028,O1028_03,2024-06-16,34.96,loyal
C1001,O1001_24,2024-05-12,51.99,champion
C1057,O1057_17,2024-11-14,30.42,loyal
C1038,O1038_15,2024-01-18,35.57,loyal
C1138,O1138_01,2024-11-18,39.98,at_risk
C1011,O1011_07,2025-06-13,90.61,champion
C1033,O1033_15,2025-07-10,35.19,loyal
C1030,O1030_08,2024-02-08,37.99,loyal
C1020,O1020_19,2024-09-25,67.77,champion
C1087,O1087_01,2025-02-13,52.6,potential
C1162,O1162_11,2025-09-28,86.39,cant_lose
C1134,O1134_09,2024-04-25,37.2,at_risk
C1010,O1010_13,2024-11-04,131.17,champion
C1087,O1087_04,2026-01-17,76.34,potential
C1147,O1147_02,2025-11-14,46.69,cant_lose
C1070,O1070_01,2024-09-13,53.11,potential
C1005,O1005_16,2025-05-17,75.52,champion
C1068,O1068_11,2024-02-07,24.13,potential
C1112,O1112_11,2025-08-16,38.45,at_risk
C1118,O1118_09,2025-03-08,30.97,at_risk
C1094,O1094_02,2024-06-07,122.66,new
C1075,O1075_10,2024-11-20,25.14,potential
C1110,O1110_02,2024-03-08,46.01,new
C1128,O1128_05,2025-09-21,27.3,at_risk
C1155,O1155_10,2024-10-25,62.5,cant_lose
C1123,O1123_07,2025-11-09,39.14,at_risk
C1025,O1025_12,2026-01-06,56.26,loyal
C1008,O1008_16,2025-11-01,47.02,champion
C1022,O1022_01,2024-12-05,17.7,champion
C1057,O1057_07,2024-02-26,22.95,loyal
C1058,O1058_05,2025-01-10,48.31,loyal
C1019,O1019_31,2024-09-16,68.69,champion
C1119,O1119_02,2025-08-17,61.4,at_risk
C1011,O1011_11,2024-05-30,121.9,champion
C1040,O1040_07,2024-08-26,26.94,loyal
C1136,O1136_04,2024-02-28,36.99,at_risk
C1016,O1016_07,2025-01-14,37.57,champion
C1024,O1024_13,2026-02-07,76.44,champion
C1036,O1036_12,2024-12-08,32.63,loyal
C1129,O1129_03,2025-07-09,174.48,at_risk
C1001,O1001_08,2026-02-20,52.75,champion
C1008,O1008_32,2024-05-01,47.69,champion
C1119,O1119_04,2024-05-06,53.05,at_risk
C1028,O1028_17,2025-07-18,25.21,loyal
C1194,O1194_02,2025-01-24,31.87,lost
C1125,O1125_12,2025-12-07,40.84,at_risk
C1043,O1043_03,2024-05-20,40.69,loyal
C1088,O1088_07,2024-05-09,32.69,potential
C1121,O1121_03,2025-06-15,129.55,at_risk
C1019,O1019_24,2024-11-03,66.6,champion
C1137,O1137_02,2026-01-18,40.67,at_risk
C1160,O1160_06,2025-01-30,63.01,cant_lose
C1133,O1133_05,2024-06-04,37.23,at_risk
C1074,O1074_03,2025-05-01,24.22,potential
C1078,O1078_10,2025-06-25,44.37,potential
C1023,O1023_39,2025-10-06,44.05,champion
C1054,O1054_04,2024-02-11,26.54,loyal
C1105,O1105_03,2025-11-25,119.15,new
C1193,O1193_02,2024-04-22,81.66,lost
C1158,O1158_20,2025-07-14,102.99,cant_lose
C1050,O1050_08,2025-10-27,40.24,loyal
C1028,O1028_20,2024-10-31,20.51,loyal
C1055,O1055_05,2025-11-23,65.89,loyal
C1011,O1011_14,2024-03-13,58.44,champion
C1031,O1031_18,2024-07-30,56.34,loyal
C1151,O1151_02,2024-01-20,144.45,cant_lose
C1141,O1141_07,2024-09-03,91.58,at_risk
C1172,O1172_01,2025-05-23,72.65,hibernating
C1046,O1046_01,2024-07-05,34.84,loyal
C1100,O1100_02,2024-03-24,112.19,new
C1008,O1008_15,2025-09-23,36.93,champion
C1122,O1122_04,2025-06-12,61.44,at_risk
C1018,O1018_16,2024-10-27,108.66,champion
C1065,O1065_05,2024-05-12,37.16,potential
C1141,O1141_06,2025-11-07,90.17,at_risk
C1120,O1120_04,2026-02-04,33.69,at_risk
C1036,O1036_03,2025-11-29,33.38,loyal
C1174,O1174_01,2024-08-28,78.18,hibernating
C1187,O1187_01,2025-02-27,45.4,lost
C1057,O1057_12,2024-12-20,25.87,loyal
C1015,O1015_31,2024-02-28,63.79,champion
C1015,O1015_01,2025-11-19,42.94,champion
C1049,O1049_03,2024-09-02,88.61,loyal
C1037,O1037_04,2025-04-04,83.26,loyal
C1118,O1118_01,2025-10-15,30.78,at_risk
C1036,O1036_04,2024-08-07,33.79,loyal
C1014,O1014_17,2026-02-01,140.1,champion
C1005,O1005_11,2025-11-08,54.26,champion
C1047,O1047_04,2025-10-09,47.05,loyal
C1017,O1017_22,2025-08-12,109.92,champion
C1026,O1026_10,2024-01-22,98.99,loyal
C1036,O1036_07,2026-02-14,35.36,loyal
C1124,O1124_03,2024-10-18,59.41,at_risk
C1152,O1152_15,2025-03-10,39.89,cant_lose
C1001,O1001_32,2024-01-24,72.93,champion
C1045,O1045_10,2024-06-14,36.86,loyal
C1003,O1003_24,2025-09-11,56.76,champion
C1053,O1053_13,2024-05-03,51.35,loyal
C1025,O1025_01,2025-05-07,63.59,loyal
C1169,O1169_01,2024-10-09,40.95,hibernating
C1033,O1033_20,2024-12-09,33.66,loyal
C1144,O1144_12,2024-03-02,26.05,at_risk
C1051,O1051_12,2025-08-19,30.23,loyal
C1016,O1016_04,2024-04-27,78.97,champion
C1150,O1150_07,2024-12-28,159.43,cant_lose
C1165,O1165_03,2024-11-27,122.99,hibernating
C1188,O1188_01,2024-10-05,57.53,lost
C1028,O1028_07,2024-11-26,31.65,loyal
C1041,O1041_16,2024-01-10,48.36,loyal
C1022,O1022_05,2024-01-07,20.86,champion
C1183,O1183_01,2025-02-03,72.79,hibernating
C1007,O1007_16,2025-01-05,74.66,champion
C1026,O1026_11,2026-01-19,37.01,loyal
C1001,O1001_10,2024-01-07,31.01,champion
C1154,O1154_01,2024-03-22,91.49,cant_lose
C1059,O1059_13,2024-03-31,30.69,loyal
C1019,O1019_06,2024-06-27,51.19,champion
C1147,O1147_18,2024-06-05,50.97,cant_lose
C1050,O1050_09,2025-04-21,68.99,loyal
C1044,O1044_01,2025-03-12,55.0,loyal
C1136,O1136_06,2025-08-13,29.1,at_risk
C1005,O1005_21,2024-02-11,115.64,champion
C1028,O1028_02,2025-10-13,32.55,loyal
C1043,O1043_05,2024-01-01,36.44,loyal
C1074,O1074_08,2024-02-26,24.58,potential
C1119,O1119_09,2025-08-18,66.83,at_risk
C1023,O1023_12,2024-02-06,71.81,champion
C1138,O1138_02,2024-05-03,118.46,at_risk
C1145,O1145_12,2026-01-12,59.85,at_risk
C1081,O1081_10,2024-08-17,30.0,potential
C1014,O1014_05,2024-08-23,124.21,champion
C1013,O1013_13,2025-06-11,75.47,champion
C1026,O1026_01,2024-08-12,60.05,loyal
C1048,O1048_19,2026-02-02,25.62,loyal
C1011,O1011_06,2024-08-12,29.17,champion
C1018,O1018_06,2025-04-02,128.21,champion
C1028,O1028_18,2025-03-11,40.47,loyal
C1031,O1031_12,2025-01-16,51.76,loyal
C1047,O1047_10,2024-02-28,77.78,loyal
C1010,O1010_15,2025-12-06,133.25,champion
C1024,O1024_10,2024-02-19,121.23,champion
C1080,O1080_01,2024-03-27,31.61,potential
C1160,O1160_15,2025-02-10,56.35,cant_lose
C1027,O1027_09,2025-11-30,27.08,loyal
C1073,O1073_07,2024-12-10,42.62,potential
C1013,O1013_09,2025-06-21,77.07,champion
C1156,O1156_15,2024-02-02,59.86,cant_lose
C1045,O1045_18,2025-10-14,38.19,loyal
C1019,O1019_35,2026-01-30,47.84,champion
C1023,O1023_24,2025-05-14,63.81,champion
C1130,O1130_10,2025-08-08,48.39,at_risk
C1017,O1017_09,2025-07-06,101.63,champion
C1129,O1129_05,2026-01-02,65.94,at_risk
C1140,O1140_10,2024-03-12,62.29,at_risk
C1068,O1068_02,2024-02-17,16.88,potential
C1081,O1081_03,2025-12-24,43.06,potential
C1131,O1131_05,2024-12-01,102.78,at_risk
C1054,O1054_06,2024-07-25,25.94,loyal
C1127,O1127_09,2024-02-14,30.85,at_risk
C1006,O1006_06,2024-02-20,122.21,champion
C1107,O1107_01,2025-12-30,162.97,new
C1086,O1086_02,2025-10-06,55.11,potential
C1022,O1022_12,2025-08-06,37.5,champion
C1071,O1071_01,2024-09-25,34.1,potential
C1028,O1028_13,2026-01-01,33.19,loyal
C1032,O1032_02,2024-12-26,45.85,loyal
C1019,O1019_32,2024-01-07,33.41,champion
C1021,O1021_14,2024-03-22,94.72,champion
C1046,O1046_05,2025-01-11,43.14,loyal
C1005,O1005_08,2024-02-03,160.72,champion
C1001,O1001_02,2025-10-07,74.75,champion
C1082,O1082_08,2025-08-25,44.03,potential
C1022,O1022_28,2024-08-11,49.36,champion
C1052,O1052_02,2024-07-27,42.19,loyal
C1001,O1001_03,2024-08-17,25.96,champion
C1152,O1152_13,2025-01-30,62.71,cant_lose
C1191,O1191_01,2024-04-20,131.34,lost
C1063,O1063_08,2025-09-17,47.58,potential
C1056,O1056_02,2024-04-20,73.84,loyal
C1054,O1054_11,2024-03-03,49.43,loyal
C1183,O1183_02,2025-01-05,59.37,hibernating
C1053,O1053_05,2024-02-23,47.43,loyal
C1155,O1155_13,2024-07-26,75.25,cant_lose
C1048,O1048_18,2025-06-20,33.84,loyal
C1142,O1142_04,2025-08-26,64.01,at_risk
C1064,O1064_11,2025-03-13,47.3,potential
C1147,O1147_04,2025-05-12,63.94,cant_lose
C1074,O1074_11,2025-04-02,46.29,potential
C1010,O1010_05,2025-07-04,61.31,champion
C1160,O1160_14,2024-04-01,44.0,cant_lose
C1008,O1008_25,2024-03-28,44.98,champion
C1052,O1052_05,2025-12-29,55.24,loyal
C1071,O1071_09,2024-07-31,34.07,potential
C1074,O1074_01,2024-06-13,53.25,potential
C1054,O1054_03,2024-02-06,32.63,loyal
C1138,O1138_08,2025-03-20,84.62,at_risk
C1046,O1046_09,2024-05-18,82.06,loyal
C1005,O1005_19,2025-08-28,131.1,champion
C1176,O1176_05,2025-09-03,39.96,hibernating
C1125,O1125_13,2025-02-22,52.37,at_risk
C1024,O1024_11,2025-09-28,98.58,champion
C1112,O1112_04,2024-03-10,31.85,at_risk
C1148,O1148_10,2024-10-21,71.16,cant_lose
C1009,O1009_16,2025-05-19,100.38,champion
C1033,O1033_02,2024-05-22,30.81,loyal
C1058,O1058_08,2024-10-28,103.87,loyal
C1150,O1150_01,2025-10-07,55.8,cant_lose
C1144,O1144_05,2024-08-27,28.47,at_risk
C1019,O1019_03,2025-09-26,48.54,champion
C1019,O1019_09,2024-02-01,114.51,champion
C1016,O1016_16,2026-01-05,93.8,champion
C1151,O1151_12,2024-07-29,91.68,cant_lose
C1112,O1112_10,2025-08-23,75.95,at_risk
C1031,O1031_11,2025-06-23,49.55,loyal
C1085,O1085_04,2024-02-07,72.57,potential
C1024,O1024_23,2025-06-19,55.87,champion
C1125,O1125_15,2025-12-29,42.05,at_risk
C1060,O1060_08,2024-01-03,40.25,loyal
C1024,O1024_15,2024-06-10,161.03,champion
C1008,O1008_20,2025-04-14,20.14,champion
C1158,O1158_01,2025-08-07,109.36,cant_lose
C1069,O1069_05,2024-10-20,43.15,potential
C1169,O1169_06,2024-03-24,31.34,hibernating
C1002,O1002_18,2025-07-25,194.11,champion
C1015,O1015_06,2024-06-06,70.28,champion
C1061,O1061_03,2025-06-25,65.99,potential
C1152,O1152_01,2026-01-05,91.56,cant_lose
C1014,O1014_02,2026-01-23,119.83,champion
C1036,O1036_06,2024-06-24,68.9,loyal
C1023,O1023_27,2025-06-01,76.0,champion
C1081,O1081_08,2026-01-26,33.39,potential
C1149,O1149_07,2025-09-29,77.56,cant_lose
C1020,O1020_07,2025-12-07,24.7,champion
C1060,O1060_02,2024-08-11,24.64,loyal
C1011,O1011_21,2024-10-20,111.91,champion
C1022,O1022_20,2025-10-07,37.33,champion
C1142,O1142_07,2024-02-02,91.21,at_risk
C1140,O1140_02,2026-02-20,38.12,at_risk
C1009,O1009_15,2025-08-21,45.04,champion
C1008,O1008_04,2025-10-19,85.84,champion
C1020,O1020_10,2025-06-28,36.99,champion
C1155,O1155_03,2024-02-25,27.89,cant_lose
C1149,O1149_06,2024-01-15,52.18,cant_lose
C1112,O1112_03,2024-05-19,49.43,at_risk
C1002,O1002_12,2025-04-18,64.03,champion
C1156,O1156_05,2024-01-30,79.22,cant_lose
C1141,O1141_02,2024-01-12,61.94,at_risk
C1128,O1128_04,2024-09-21,59.96,at_risk
C1085,O1085_03,2025-01-21,66.24,potential
C1071,O1071_04,2024-10-04,29.07,potential
C1147,O1147_07,2024-04-06,36.08,cant_lose
C1124,O1124_05,2025-08-19,44.15,at_risk
C1164,O1164_02,2024-12-01,23.96,hibernating
C1159,O1159_05,2025-06-25,62.79,cant_lose
C1068,O1068_09,2024-05-05,19.89,potential
C1076,O1076_07,2024-02-15,49.25,potential
C1041,O1041_09,2025-12-04,50.48,loyal
C1078,O1078_11,2024-05-31,16.57,potential
C1016,O1016_23,2026-01-31,70.95,champion
C1021,O1021_18,2025-02-19,124.35,champion
C1056,O1056_09,2025-06-02,54.82,loyal
C1015,O1015_03,2024-01-28,76.2,champion
C1053,O1053_07,2024-03-07,82.03,loyal
C1134,O1134_04,2025-03-03,36.29,at_risk
C1115,O1115_11,2025-03-11,18.71,at_risk
C1184,O1184_05,2024-08-08,56.08,hibernating
C1045,O1045_12,2025-04-24,28.27,loyal
C1172,O1172_02,2025-02-27,33.81,hibernating
C1159,O1159_04,2024-03-15,127.07,cant_lose
C1146,O1146_04,2025-07-27,64.06,at_risk
C1054,O1054_14,2025-11-08,30.99,loyal
C1066,O1066_06,2024-02-21,57.66,potential
C1199,O1199_01,2025-04-20,18.33,lost
C1069,O1069_09,2024-10-15,19.25,potential
C1023,O1023_31,2024-08-12,50.53,champion
C1002,O1002_13,2024-07-26,121.73,champion
C1013,O1013_23,2024-01-26,140.52,champion
C1007,O1007_20,2025-03-03,67.5,champion
C1022,O1022_04,2024-11-23,74.95,champion
C1041,O1041_07,2024-10-08,37.13,loyal
C1150,O1150_12,2024-02-09,65.28,cant_lose
C1177,O1177_02,2025-07-09,74.89,hibernating
C1069,O1069_01,2025-01-28,35.09,potential
C1034,O1034_03,2026-01-10,92.41,loyal
C1018,O1018_19,2024-05-06,42.93,champion
C1033,O1033_07,2026-02-14,24.61,loyal
C1078,O1078_12,2025-04-04,32.94,potential
C1187,O1187_02,2025-01-08,69.87,lost
C1025,O1025_03,2024-02-19,30.11,loyal
C1156,O1156_10,2025-04-18,55.98,cant_lose
C1167,O1167_01,2024-11-30,43.52,hibernating
C1123,O1123_02,2024-03-24,71.77,at_risk
C1043,O1043_13,2025-05-12,48.34,loyal
C1150,O1150_09,2025-08-26,82.15,cant_lose
C1011,O1011_10,2024-12-30,42.48,champion
C1159,O1159_02,2024-11-02,122.36,cant_lose
C1045,O1045_11,2026-01-30,47.83,loyal
C1031,O1031_14,2025-02-24,29.3,loyal
C1156,O1156_19,2024-01-13,58.44,cant_lose
C1042,O1042_09,2025-05-03,37.17,loyal
C1159,O1159_10,2024-01-23,140.04,cant_lose
C1023,O1023_33,2025-11-19,53.69,champion
C1125,O1125_04,2025-11-20,27.96,at_risk
C1038,O1038_02,2024-03-03,31.76,loyal
C1003,O1003_36,2024-06-02,28.43,champion
C1159,O1159_14,2024-05-25,66.17,cant_lose
C1028,O1028_08,2024-07-29,29.19,loyal
C1055,O1055_08,2025-09-19,33.14,loyal
C1009,O1009_31,2024-11-22,77.02,champion
C1001,O1001_05,2024-06-20,18.96,champion
C1047,O1047_08,2025-10-29,43.55,loyal
C1015,O1015_09,2025-11-17,85.8,champion
C1154,O1154_17,2025-05-19,81.69,cant_lose
C1022,O1022_16,2024-08-12,71.31,champion
C1060,O1060_15,2025-01-16,25.69,loyal
C1136,O1136_10,2024-12-04,54.65,at_risk
C1124,O1124_12,2024-06-01,42.1,at_risk
C1011,O1011_18,2025-11-02,61.73,champion
C1011,O1011_19,2025-09-22,99.08,champion
C1071,O1071_03,2024-11-29,49.6,potential
C1119,O1119_08,2024-01-28,55.85,at_risk
C1023,O1023_01,2024-02-20,66.85,champion
C1089,O1089_05,2025-01-02,21.57,potential
C1031,O1031_08,2025-03-23,40.95,loyal
C1023,O1023_23,2025-07-21,39.21,champion
C1031,O1031_02,2025-03-25,54.07,loyal
C1062,O1062_07,2024-01-26,38.23,potential
C1012,O1012_17,2025-09-21,60.15,champion
C1052,O1052_03,2025-08-26,30.78,loyal
C1130,O1130_04,2024-07-17,36.35,at_risk
C1161,O1161_09,2024-09-12,123.73,cant_lose
C1059,O1059_04,2025-01-06,73.0,loyal
C1061,O1061_09,2024-02-27,31.83,potential
C1086,O1086_03,2024-07-27,109.59,potential
C1009,O1009_06,2025-06-25,80.98,champion
C1154,O1154_09,2025-10-27,40.49,cant_lose
C1009,O1009_24,2025-03-15,26.89,champion
C1084,O1084_04,2024-05-06,54.72,potential
C1101,O1101_02,2025-05-20,194.44,new
C1082,O1082_03,2024-08-25,27.67,potential
C1003,O1003_11,2024-10-30,53.67,champion
C1111,O1111_02,2025-05-19,63.08,at_risk
C1043,O1043_02,2024-04-05,36.68,loyal
C1017,O1017_02,2025-05-12,106.5,champion
C1127,O1127_10,2024-08-17,38.69,at_risk
C1053,O1053_01,2024-08-20,44.5,loyal
C1136,O1136_03,2025-10-12,44.22,at_risk
C1114,O1114_06,2025-11-15,40.18,at_risk
C1144,O1144_06,2025-03-24,77.07,at_risk
C1046,O1046_10,2024-05-09,46.81,loyal
C1167,O1167_05,2025-03-20,31.98,hibernating
C1049,O1049_10,2024-12-08,57.88,loyal
C1011,O1011_22,2024-08-11,40.52,champion
C1147,O1147_03,2025-04-06,74.02,cant_lose
C1097,O1097_02,2024-07-17,34.21,new
C1132,O1132_04,2025-04-20,62.65,at_risk
C1146,O1146_05,2025-05-19,117.09,at_risk
C1038,O1038_14,2024-05-07,36.19,loyal
C1048,O1048_15,2025-04-21,35.24,loyal
C1060,O1060_17,2024-08-01,42.9,loyal
C1147,O1147_15,2024-11-04,37.51,cant_lose
C1118,O1118_11,2025-06-05,17.82,at_risk
C1051,O1051_13,2025-09-27,26.28,loyal
C1057,O1057_09,2024-06-01,32.32,loyal
C1061,O1061_06,2025-04-30,30.65,potential
C1134,O1134_10,2024-09-11,73.39,at_risk
C1141,O1141_05,2025-07-27,81.24,at_risk
C1030,O1030_18,2025-06-25,37.54,loyal
C1006,O1006_22,2025-08-11,96.09,champion
C1109,O1109_03,2025-05-20,105.42,new
C1017,O1017_06,2025-10-09,93.31,champion
C1132,O1132_01,2024-01-31,74.41,at_risk
C1155,O1155_02,2024-06-08,80.37,cant_lose
C1130,O1130_12,2024-09-08,24.42,at_risk
C1005,O1005_12,2024-11-02,74.53,champion
C1008,O1008_06,2025-12-03,47.57,champion
C1125,O1125_05,2025-10-17,18.74,at_risk
C1199,O1199_02,2024-08-24,33.72,lost
C1038,O1038_18,2024-03-24,34.8,loyal
C1081,O1081_07,2024-12-05,36.46,potential
C1008,O1008_18,2024-06-16,70.63,champion
C1042,O1042_13,2024-04-26,46.57,loyal
C1184,O1184_02,2025-12-04,28.43,hibernating
C1015,O1015_29,2026-01-26,29.3,champion
C1060,O1060_13,2025-03-06,28.25,loyal
C1078,O1078_01,2024-08-12,31.99,potential
C1025,O1025_08,2024-04-26,39.06,loyal
C1082,O1082_09,2026-01-02,61.6,potential
C1019,O1019_26,2024-11-11,88.65,champion
C1075,O1075_05,2025-10-01,13.31,potential
C1031,O1031_15,2024-10-05,44.38,loyal
C1011,O1011_13,2025-10-15,124.34,champion
C1059,O1059_07,2025-01-09,46.64,loyal
C1140,O1140_04,2025-07-29,21.73,at_risk
C1023,O1023_11,2025-10-02,45.88,champion
C1162,O1162_12,2025-09-13,75.54,cant_lose
C1018,O1018_21,2024-06-12,46.02,champion
C1062,O1062_12,2025-10-27,37.09,potential
C1053,O1053_10,2024-07-06,31.58,loyal
C1058,O1058_03,2025-06-01,55.92,loyal
C1060,O1060_12,2025-05-21,31.03,loyal
C1019,O1019_02,2024-04-25,93.65,champion
C1123,O1123_06,2024-05-07,50.67,at_risk
C1042,O1042_11,2025-11-21,44.08,loyal
C1150,O1150_11,2024-12-19,106.51,cant_lose
C1059,O1059_06,2025-09-17,39.84,loyal
C1023,O1023_09,2024-03-23,24.08,champion
C1157,O1157_05,2025-08-26,95.27,cant_lose
C1010,O1010_03,2025-12-12,53.73,champion
C1167,O1167_04,2025-04-22,57.17,hibernating
C1143,O1143_05,2025-03-17,131.34,at_risk
C1151,O1151_06,2024-07-13,63.71,cant_lose
C1164,O1164_01,2025-09-29,60.48,hibernating
C1121,O1121_07,2024-02-05,104.27,at_risk
C1031,O1031_05,2024-06-17,51.11,loyal
C1005,O1005_07,2025-08-29,89.31,champion
C1168,O1168_04,2025-08-20,55.61,hibernating
C1097,O1097_01,2024-01-29,159.62,new
C1130,O1130_13,2024-12-13,47.84,at_risk
C1023,O1023_21,2025-04-17,37.06,champion
C1166,O1166_02,2024-09-21,74.78,hibernating
C1020,O1020_13,2024-06-25,77.97,champion
C1062,O1062_06,2024-04-27,17.93,potential
C1054,O1054_10,2024-05-16,35.68,loyal
C1003,O1003_02,2024-05-02,53.9,champion
C1002,O1002_10,2026-02-26,122.59,champion
C1013,O1013_11,2025-01-31,67.11,champion
C1027,O1027_08,2025-01-07,50.76,loyal
C1157,O1157_16,2024-01-12,50.23,cant_lose
C1023,O1023_38,2024-11-16,38.32,champion
C1056,O1056_05,2025-10-31,54.21,loyal
C1050,O1050_12,2025-02-27,31.37,loyal
C1130,O1130_05,2025-05-06,42.85,at_risk
C1162,O1162_13,2026-02-01,87.45,cant_lose
C1142,O1142_10,2024-05-12,35.94,at_risk
C1054,O1054_12,2025-03-20,30.67,loyal
C1051,O1051_16,2025-01-30,21.86,loyal
C1010,O1010_06,2024-11-19,39.33,champion
C1033,O1033_12,2025-06-13,35.82,loyal
C1112,O1112_08,2024-08-08,65.95,at_risk
C1054,O1054_05,2024-07-20,46.21,loyal
C1120,O1120_05,2025-05-27,40.56,at_risk
C1169,O1169_02,2026-01-30,40.1,hibernating
C1023,O1023_16,2025-11-19,31.82,champion
C1016,O1016_06,2025-07-08,62.51,champion
C1035,O1035_11,2024-05-18,42.19,loyal
C1028,O1028_01,2025-02-15,30.18,loyal
C1041,O1041_05,2026-02-17,31.61,loyal
C1119,O1119_03,2025-01-18,56.68,at_risk
C1069,O1069_07,2024-06-10,20.5,potential
C1055,O1055_01,2025-12-13,48.2,loyal
C1082,O1082_05,2025-03-11,35.15,potential
C1136,O1136_08,2025-07-14,66.72,at_risk
C1041,O1041_13,2024-08-13,42.44,loyal
C1182,O1182_01,2024-01-16,80.92,hibernating
C1012,O1012_04,2024-04-22,75.47,champion
C1083,O1083_05,2024-10-17,42.14,potential
C1052,O1052_13,2024-02-02,66.88,loyal
C1022,O1022_08,2025-08-20,49.8,champion
C1114,O1114_09,2025-02-17,30.05,at_risk
C1105,O1105_02,2025-01-24,91.33,new
C1186,O1186_01,2024-01-29,76.45,hibernating
C1023,O1023_22,2025-01-20,67.49,champion
C1114,O1114_02,2024-09-30,47.45,at_risk
C1035,O1035_06,2024-10-12,50.81,loyal
C1038,O1038_05,2025-04-22,30.25,loyal
C1127,O1127_05,2024-04-24,40.79,at_risk
C1051,O1051_15,2024-08-12,27.05,loyal
C1071,O1071_02,2025-01-10,37.35,potential
C1005,O1005_03,2025-06-16,97.65,champion
C1059,O1059_10,2024-11-16,31.15,loyal
C1084,O1084_07,2025-12-11,67.27,potential
C1073,O1073_03,2024-05-19,45.62,potential
C1113,O1113_04,2024-08-21,125.96,at_risk
C1033,O1033_19,2026-02-17,28.47,loyal
C1005,O1005_10,2025-06-17,78.88,champion
C1121,O1121_04,2025-10-25,135.0,at_risk
C1158,O1158_07,2024-11-18,40.83,cant_lose
C1035,O1035_05,2024-05-18,68.05,loyal
C1024,O1024_04,2026-02-09,82.04,champion
C1027,O1027_03,2025-08-13,44.08,loyal
C1007,O1007_12,2025-12-09,97.52,champion
C1161,O1161_03,2024-03-15,54.17,cant_lose
C1051,O1051_10,2024-02-16,23.92,loyal
C1001,O1001_21,2024-03-10,86.84,champion
C1154,O1154_07,2024-04-25,78.86,cant_lose
C1041,O1041_06,2025-01-29,54.67,loyal
C1003,O1003_05,2024-07-04,24.07,champion
C1082,O1082_04,2025-07-26,56.56,potential
C1051,O1051_08,2025-03-24,34.84,loyal
C1043,O1043_09,2025-11-23,60.11,loyal
C1036,O1036_10,2025-02-02,28.71,loyal
C1037,O1037_03,2024-05-01,70.55,loyal
C1198,O1198_01,2025-07-01,164.11,lost
C1081,O1081_04,2024-03-11,39.27,potential
C1018,O1018_10,2024-11-11,55.31,champion
C1038,O1038_10,2025-02-23,47.62,loyal
C1053,O1053_02,2025-11-26,36.92,loyal
C1012,O1012_14,2025-11-16,137.28,champion
C1118,O1118_12,2024-09-09,61.03,at_risk
C1078,O1078_03,2024-09-11,19.36,potential
C1154,O1154_16,2025-04-01,59.85,cant_lose
C1119,O1119_01,2025-07-05,84.1,at_risk
C1037,O1037_06,2025-04-06,64.75,loyal
C1031,O1031_04,2025-08-15,22.8,loyal
C1020,O1020_28,2024-02-24,88.23,champion
C1007,O1007_13,2025-03-20,77.18,champion
C1014,O1014_06,2024-10-01,171.43,champion
C1049,O1049_09,2025-01-19,48.01,loyal
C1022,O1022_23,2025-12-21,56.01,champion
C1122,O1122_07,2024-12-09,47.22,at_risk
C1116,O1116_04,2025-10-01,93.68,at_risk
C1019,O1019_21,2024-02-21,38.2,champion
C1001,O1001_14,2025-12-08,67.89,champion
C1150,O1150_15,2024-03-07,82.3,cant_lose
C1040,O1040_16,2025-10-05,38.27,loyal
C1016,O1016_15,2024-01-20,66.31,champion
C1009,O1009_32,2024-07-04,82.46,champion
C1011,O1011_09,2026-02-25,105.49,champion
C1026,O1026_08,2025-08-30,52.41,loyal
C1030,O1030_06,2025-07-19,48.31,loyal
C1128,O1128_09,2025-07-19,61.92,at_risk
C1134,O1134_05,2024-10-01,27.13,at_risk
C1008,O1008_21,2025-04-13,74.61,champion
C1140,O1140_09,2024-04-09,42.84,at_risk
C1160,O1160_20,2025-12-21,56.95,cant_lose
C1157,O1157_19,2025-07-01,94.47,cant_lose
C1022,O1022_34,2025-06-15,45.59,champion
C1013,O1013_05,2025-11-18,105.34,champion
C1030,O1030_02,2026-02-10,19.44,loyal
C1016,O1016_22,2024-05-31,70.63,champion
C1009,O1009_22,2024-01-18,74.68,champion
C1070,O1070_07,2024-10-07,43.34,potential
C1013,O1013_26,2025-03-03,38.14,champion
C1008,O1008_33,2024-08-24,69.4,champion
C1050,O1050_03,2025-07-02,26.3,loyal
C1003,O1003_30,2025-04-11,25.67,champion
C1057,O1057_16,2024-08-10,25.15,loyal
C1008,O1008_26,2024-07-27,64.27,champion
C1066,O1066_01,2025-06-13,46.05,potential
C1066,O1066_03,2024-12-23,77.29,potential
C1008,O1008_34,2024-02-09,52.62,champion
C1009,O1009_08,2025-05-01,46.2,champion
C1157,O1157_02,2024-03-20,32.75,cant_lose
C1040,O1040_13,2025-04-28,56.27,loyal
C1004,O1004_08,2024-08-08,84.92,champion
C1158,O1158_16,2025-11-30,62.66,cant_lose
C1079,O1079_01,2025-06-09,54.19,potential
C1122,O1122_01,2025-01-24,73.56,at_risk
C1051,O1051_06,2025-12-12,17.01,loyal
C1118,O1118_13,2025-03-11,31.76,at_risk
C1147,O1147_05,2025-04-14,75.94,cant_lose
C1021,O1021_02,2024-08-19,70.33,champion
C1089,O1089_02,2025-07-06,43.15,potential
C1003,O1003_40,2025-04-25,60.96,champion
C1125,O1125_08,2024-10-13,44.69,at_risk
C1027,O1027_07,2025-08-31,47.6,loyal
C1020,O1020_12,2025-12-24,48.0,champion
C1134,O1134_11,2024-05-27,53.18,at_risk
C1166,O1166_04,2024-12-16,30.82,hibernating
C1057,O1057_15,2025-12-20,24.16,loyal
C1009,O1009_28,2025-04-21,26.14,champion
C1018,O1018_07,2025-09-25,75.73,champion
C1068,O1068_05,2025-09-01,49.94,potential
C1125,O1125_01,2025-01-26,31.02,at_risk
C1039,O1039_08,2024-05-04,57.29,loyal
C1027,O1027_02,2025-10-12,49.9,loyal
C1111,O1111_06,2025-10-30,106.76,at_risk
C1003,O1003_10,2024-07-22,44.98,champion
C1185,O1185_01,2025-12-17,81.68,hibernating
C1014,O1014_13,2026-02-12,51.75,champion
C1013,O1013_08,2025-05-02,56.82,champion
C1140,O1140_08,2025-11-07,34.95,at_risk
C1029,O1029_05,2024-08-23,50.62,loyal
C1020,O1020_18,2024-09-06,86.11,champion
C1029,O1029_08,2026-02-23,89.8,loyal
C1001,O1001_38,2024-11-04,71.31,champion
C1004,O1004_01,2024-11-14,118.52,champion
C1152,O1152_02,2024-02-02,88.52,cant_lose
C1160,O1160_19,2024-04-08,121.77,cant_lose
C1161,O1161_12,2024-08-14,93.06,cant_lose
C1023,O1023_20,2024-10-04,78.75,champion
C1048,O1048_05,2026-01-21,47.7,loyal
C1147,O1147_11,2025-04-13,49.64,cant_lose
C1008,O1008_24,2025-06-23,34.34,champion
C1048,O1048_01,2024-02-17,29.35,loyal
C1065,O1065_01,2025-01-09,22.04,potential
C1013,O1013_04,2025-07-09,87.58,champion
C1016,O1016_10,2025-11-25,57.5,champion
C1014,O1014_10,2024-01-16,181.44,champion
C1136,O1136_13,2024-02-05,61.25,at_risk
C1046,O1046_06,2024-06-06,32.85,loyal
C1078,O1078_08,2024-08-01,51.67,potential
C1116,O1116_08,2024-04-29,43.94,at_risk
C1160,O1160_13,2025-04-04,48.52,cant_lose
C1022,O1022_14,2025-11-29,96.15,champion
C1016,O1016_26,2025-03-04,30.42,champion
C1069,O1069_02,2024-12-22,41.37,potential
C1013,O1013_15,2025-09-18,46.81,champion
C1175,O1175_02,2024-09-06,124.48,hibernating
C1029,O1029_11,2024-11-12,42.64,loyal
C1075,O1075_04,2026-02-13,21.34,potential
C1080,O1080_02,2024-08-25,73.75,potential
C1037,O1037_10,2025-08-06,75.32,loyal
C1033,O1033_13,2025-01-16,30.14,loyal
C1090,O1090_03,2026-02-07,112.14,potential
C1022,O1022_36,2024-08-29,31.22,champion
C1133,O1133_06,2026-02-18,32.28,at_risk
C1044,O1044_16,2025-07-07,37.72,loyal
C1076,O1076_01,2025-02-01,48.13,potential
C1094,O1094_01,2025-09-26,77.38,new
C1135,O1135_14,2024-06-10,48.85,at_risk
C1149,O1149_11,2025-04-21,127.83,cant_lose
C1171,O1171_02,2024-11-11,127.01,hibernating
C1061,O1061_05,2025-10-06,53.61,potential
C1017,O1017_16,2024-11-12,147.29,champion
C1050,O1050_04,2024-07-08,25.13,loyal
C1018,O1018_18,2025-03-12,93.65,champion
C1040,O1040_14,2024-04-09,21.49,loyal
C1027,O1027_15,2024-04-14,24.7,loyal
C1044,O1044_18,2025-04-26,30.62,loyal
C1015,O1015_28,2024-04-23,60.22,champion
C1104,O1104_03,2024-09-24,68.76,new
C1155,O1155_06,2024-04-29,80.99,cant_lose
C1013,O1013_14,2024-11-07,116.71,champion
C1135,O1135_04,2024-03-06,71.54,at_risk
C1145,O1145_04,2025-08-04,63.73,at_risk
C1085,O1085_05,2024-10-01,69.05,potential
C1042,O1042_01,2026-01-24,45.38,loyal
C1157,O1157_15,2025-07-27,59.41,cant_lose
C1074,O1074_02,2025-05-22,27.29,potential
C1069,O1069_04,2025-09-16,25.77,potential
C1145,O1145_01,2025-06-28,51.84,at_risk
C1155,O1155_21,2024-05-22,65.11,cant_lose
C1045,O1045_07,2025-03-04,40.56,loyal
C1038,O1038_01,2024-08-12,24.99,loyal
C1074,O1074_06,2025-04-11,50.94,potential
C1021,O1021_03,2024-05-05,61.01,champion
C1005,O1005_15,2025-01-14,90.3,champion
C1056,O1056_08,2025-02-01,59.17,loyal
C1147,O1147_09,2024-06-26,117.09,cant_lose
C1060,O1060_01,2025-08-29,47.82,loyal
C1116,O1116_03,2024-06-08,56.25,at_risk
C1002,O1002_01,2024-02-19,77.11,champion
C1052,O1052_14,2026-01-29,47.42,loyal
C1005,O1005_09,2025-01-01,152.13,champion
C1093,O1093_02,2025-02-04,55.78,new
C1018,O1018_17,2024-11-22,56.93,champion
C1047,O1047_06,2024-02-19,39.12,loyal
C1081,O1081_05,2024-09-30,26.36,potential
C1066,O1066_05,2024-12-25,57.9,potential
C1103,O1103_02,2024-07-15,121.36,new
C1062,O1062_03,2025-11-19,34.65,potential
C1126,O1126_04,2025-08-13,98.44,at_risk
C1047,O1047_02,2026-01-01,52.02,loyal
C1035,O1035_01,2024-01-25,59.49,loyal
C1047,O1047_05,2025-03-08,63.51,loyal
C1003,O1003_20,2025-11-18,31.88,champion
C1128,O1128_06,2025-09-20,27.18,at_risk
C1056,O1056_10,2025-05-27,54.96,loyal
C1108,O1108_01,2024-06-23,300.99,new
C1168,O1168_01,2026-02-20,54.24,hibernating
C1060,O1060_06,2025-07-15,44.73,loyal
C1147,O1147_08,2025-11-30,54.88,cant_lose
C1048,O1048_09,2025-10-27,45.62,loyal
C1037,O1037_08,2025-03-30,74.77,loyal
C1040,O1040_01,2025-01-08,34.92,loyal
C1157,O1157_18,2026-01-28,52.59,cant_lose
C1130,O1130_07,2026-01-07,39.03,at_risk
C1008,O1008_28,2024-05-04,54.26,champion
C1001,O1001_17,2025-07-08,91.45,champion
C1026,O1026_06,2024-08-28,83.04,loyal
C1004,O1004_09,2025-10-12,91.39,champion
C1033,O1033_16,2025-12-06,47.27,loyal
C1058,O1058_11,2024-03-16,93.19,loyal
C1023,O1023_02,2024-07-29,29.79,champion
C1016,O1016_14,2025-01-02,52.56,champion
C1019,O1019_15,2024-09-25,91.61,champion
C1060,O1060_19,2025-03-19,54.05,loyal
C1042,O1042_03,2025-06-29,47.24,loyal
C1002,O1002_03,2025-11-04,65.11,champion
C1045,O1045_03,2025-07-23,28.77,loyal
C1144,O1144_07,2025-03-01,22.33,at_risk
C1041,O1041_11,2024-08-25,39.91,loyal
C1087,O1087_05,2024-03-08,93.49,potential
C1112,O1112_02,2024-10-21,22.3,at_risk
C1012,O1012_16,2025-10-02,98.57,champion
C1013,O1013_24,2024-01-25,90.1,champion
C1120,O1120_08,2024-10-04,90.96,at_risk
C1002,O1002_07,2025-04-27,155.47,champion
C1038,O1038_11,2024-06-28,27.31,loyal
C1045,O1045_08,2025-10-06,30.16,loyal
C1143,O1143_06,2024-10-29,134.13,at_risk
C1130,O1130_01,2025-09-26,42.36,at_risk
C1179,O1179_02,2024-06-29,44.96,hibernating
C1007,O1007_15,2025-09-23,83.51,champion
C1118,O1118_05,2025-10-11,62.17,at_risk
C1054,O1054_08,2024-10-06,31.92,loyal
C1069,O1069_11,2026-02-14,40.26,potential
C1147,O1147_12,2024-01-12,91.79,cant_lose
C1019,O1019_14,2025-12-09,51.88,champion
C1074,O1074_09,2024-04-09,26.1,potential
C1012,O1012_01,2024-12-29,96.84,champion
C1074,O1074_07,2024-05-20,20.42,potential
C1046,O1046_03,2025-01-15,67.71,loyal
C1016,O1016_30,2024-11-19,42.47,champion
C1002,O1002_17,2024-09-04,150.5,champion
C1015,O1015_20,2025-09-01,41.25,champion
C1085,O1085_02,2024-10-31,63.71,potential
C1184,O1184_04,2024-03-25,69.55,hibernating
C1162,O1162_06,2024-03-03,130.81,cant_lose
C1162,O1162_05,2024-08-27,98.6,cant_lose
C1156,O1156_02,2024-02-19,21.52,cant_lose
C1011,O1011_03,2025-04-04,128.59,champion
C1010,O1010_04,2024-03-23,90.66,champion
C1007,O1007_18,2024-07-08,97.92,champion
C1150,O1150_06,2025-10-10,55.07,cant_lose
C1160,O1160_11,2024-01-18,96.83,cant_lose
C1080,O1080_06,2025-12-13,33.95,potential
C1083,O1083_08,2024-12-15,25.6,potential
C1121,O1121_06,2024-02-02,95.61,at_risk
C1083,O1083_09,2025-07-15,52.79,potential
C1148,O1148_06,2024-02-26,106.14,cant_lose
C1068,O1068_04,2025-06-01,21.77,potential
C1160,O1160_18,2025-05-03,59.03,cant_lose
C1023,O1023_19,2024-02-19,47.09,champion
C1047,O1047_03,2024-01-30,26.6,loyal
C1160,O1160_17,2024-08-31,83.14,cant_lose
C1160,O1160_09,2025-08-01,37.09,cant_lose
C1113,O1113_01,2025-06-16,85.21,at_risk
C1178,O1178_02,2026-02-07,180.63,hibernating
C1036,O1036_01,2025-11-25,24.58,loyal
C1084,O1084_02,2024-10-23,35.81,potential
C1138,O1138_06,2024-09-21,61.51,at_risk
C1045,O1045_15,2025-06-26,25.22,loyal
C1137,O1137_07,2025-04-21,44.16,at_risk
C1014,O1014_07,2025-06-08,182.16,champion
C1001,O1001_28,2024-07-26,66.07,champion
C1009,O1009_19,2025-04-23,27.05,champion
C1150,O1150_05,2024-10-16,140.19,cant_lose
C1137,O1137_10,2024-11-09,51.89,at_risk
C1001,O1001_37,2025-12-23,48.4,champion
C1053,O1053_12,2024-12-06,84.03,loyal
C1040,O1040_05,2025-07-31,37.83,loyal
C1139,O1139_04,2025-10-15,78.3,at_risk
C1155,O1155_18,2025-05-06,49.65,cant_lose
C1020,O1020_15,2024-12-14,26.24,champion
C1064,O1064_09,2024-02-12,34.54,potential
C1113,O1113_06,2024-07-18,95.8,at_risk
C1006,O1006_23,2025-01-13,64.57,champion
C1015,O1015_14,2025-03-22,31.9,champion
C1136,O1136_12,2024-12-16,26.17,at_risk
C1015,O1015_18,2024-06-26,31.78,champion
C1157,O1157_10,2024-08-23,70.7,cant_lose
C1020,O1020_26,2024-03-27,74.57,champion
C1069,O1069_06,2025-08-25,39.79,potential
C1042,O1042_04,2024-03-23,53.0,loyal
C1079,O1079_02,2024-09-15,71.65,potential
C1115,O1115_07,2025-09-12,32.23,at_risk
C1043,O1043_01,2024-02-29,37.69,loyal
C1102,O1102_01,2024-08-10,347.78,new
C1061,O1061_04,2024-06-22,32.97,potential
C1024,O1024_02,2025-03-19,88.04,champion
C1023,O1023_08,2024-03-27,44.18,champion
C1088,O1088_03,2025-07-13,48.02,potential
C1141,O1141_01,2025-02-14,106.01,at_risk
C1007,O1007_09,2024-10-28,104.53,champion
C1160,O1160_01,2026-01-24,62.29,cant_lose
C1033,O1033_18,2025-02-05,25.0,loyal
C1015,O1015_08,2024-11-28,113.79,champion
C1121,O1121_01,2025-05-30,73.69,at_risk
C1149,O1149_17,2025-02-24,33.82,cant_lose
C1156,O1156_22,2024-05-20,75.56,cant_lose
C1077,O1077_01,2025-05-17,58.06,potential
C1112,O1112_05,2025-03-02,32.88,at_risk
C1009,O1009_14,2024-01-28,73.97,champion
C1001,O1001_34,2025-10-08,38.6,champion
C1149,O1149_14,2024-09-22,46.01,cant_lose
C1117,O1117_08,2025-11-12,34.87,at_risk
C1007,O1007_06,2024-11-30,123.09,champion
C1141,O1141_09,2024-03-05,55.51,at_risk
C1020,O1020_05,2024-10-31,64.08,champion
C1029,O1029_01,2024-05-11,85.37,loyal
C1020,O1020_02,2026-01-29,39.82,champion
C1127,O1127_04,2025-08-26,46.59,at_risk
C1098,O1098_01,2024-06-24,357.97,new
C1076,O1076_09,2025-09-02,36.61,potential
C1044,O1044_08,2025-12-04,41.1,loyal
C1140,O1140_07,2025-04-27,29.54,at_risk
C1037,O1037_02,2025-03-26,62.1,loyal
C1038,O1038_17,2024-09-22,42.17,loyal
C1050,O1050_10,2026-01-16,47.11,loyal
C1009,O1009_01,2025-03-31,30.86,champion
C1147,O1147_17,2025-07-04,85.68,cant_lose
C1003,O1003_37,2024-07-28,66.03,champion
C1006,O1006_19,2025-09-29,31.0,champion
C1056,O1056_03,2025-11-19,33.84,loyal
C1004,O1004_02,2025-11-16,40.81,champion
C1058,O1058_09,2026-02-06,64.94,loyal
C1180,O1180_02,2025-11-20,99.32,hibernating
C1039,O1039_02,2025-12-01,62.22,loyal
C1052,O1052_04,2026-01-27,70.37,loyal
C1019,O1019_28,2025-08-06,58.35,champion
C1127,O1127_13,2026-01-22,68.01,at_risk
C1153,O1153_09,2024-12-11,129.4,cant_lose
C1148,O1148_12,2024-12-08,87.32,cant_lose
C1146,O1146_02,2024-01-04,96.39,at_risk
C1023,O1023_14,2024-07-31,23.04,champion
C1045,O1045_16,2024-10-03,26.95,loyal
C1136,O1136_11,2025-03-31,69.22,at_risk
C1007,O1007_01,2024-12-18,77.06,champion
C1040,O1040_12,2024-06-04,33.51,loyal
C1149,O1149_09,2025-08-10,58.35,cant_lose
C1022,O1022_31,2025-04-21,29.08,champion
C1007,O1007_10,2024-05-15,83.56,champion
C1052,O1052_07,2025-09-16,34.8,loyal
C1134,O1134_08,2025-07-11,41.6,at_risk
C1070,O1070_06,2025-09-19,45.21,potential
C1052,O1052_12,2025-09-02,36.27,loyal
C1048,O1048_08,2025-05-25,47.07,loyal
C1013,O1013_01,2024-02-22,102.38,champion
C1155,O1155_14,2025-03-22,60.97,cant_lose
C1082,O1082_10,2024-08-13,36.71,potential
C1074,O1074_05,2024-09-20,31.36,potential
C1155,O1155_15,2024-05-20,92.04,cant_lose
C1081,O1081_01,2025-04-09,21.84,potential
C1044,O1044_06,2025-10-14,40.34,loyal
C1027,O1027_10,2025-10-06,50.91,loyal
C1051,O1051_02,2025-10-06,19.02,loyal
C1003,O1003_27,2024-08-06,58.7,champion
C1008,O1008_08,2025-03-28,31.77,champion
C1182,O1182_04,2025-08-21,71.92,hibernating
C1070,O1070_08,2024-10-11,34.49,potential
C1040,O1040_06,2025-12-24,51.03,loyal
C1015,O1015_16,2024-08-08,32.39,champion
C1067,O1067_04,2024-10-06,93.18,potential
C1030,O1030_16,2024-03-15,24.46,loyal
C1126,O1126_01,2025-12-16,108.24,at_risk
C1038,O1038_12,2024-01-01,30.54,loyal
C1115,O1115_05,2024-10-16,37.85,at_risk
C1008,O1008_02,2026-01-28,52.27,champion
C1152,O1152_08,2025-08-31,76.65,cant_lose
C1165,O1165_01,2024-09-05,70.25,hibernating
C1142,O1142_02,2025-10-17,63.6,at_risk
C1021,O1021_04,2026-01-09,132.72,champion
C1164,O1164_05,2024-06-04,52.33,hibernating
C1033,O1033_08,2024-08-27,31.64,loyal
C1041,O1041_12,2024-07-27,56.08,loyal
C1047,O1047_09,2024-12-14,30.7,loyal
C1199,O1199_03,2024-12-21,59.99,lost
C1050,O1050_14,2026-01-26,81.24,loyal
C1158,O1158_15,2024-07-15,127.14,cant_lose
C1130,O1130_09,2025-10-16,54.31,at_risk
C1008,O1008_14,2025-06-18,23.91,champion
C1159,O1159_08,2025-11-26,51.93,cant_lose
C1029,O1029_09,2024-11-09,66.38,loyal
C1010,O1010_16,2024-02-05,62.9,champion
C1064,O1064_07,2024-09-29,27.97,potential
C1082,O1082_07,2024-06-05,37.66,potential
C1023,O1023_34,2025-03-16,49.69,champion
C1125,O1125_07,2024-07-22,40.23,at_risk
C1152,O1152_07,2024-02-01,54.79,cant_lose
C1040,O1040_02,2024-04-24,26.11,loyal
C1124,O1124_08,2024-11-23,33.0,at_risk
C1173,O1173_02,2025-04-09,120.58,hibernating
C1023,O1023_10,2024-10-19,43.82,champion
C1009,O1009_27,2026-01-03,43.56,champion
C1012,O1012_19,2024-05-02,45.42,champion
C1075,O1075_07,2025-05-09,27.09,potential
C1114,O1114_10,2024-12-24,48.06,at_risk
C1153,O1153_08,2024-08-31,157.2,cant_lose
C1022,O1022_19,2025-07-12,24.24,champion
C1035,O1035_07,2025-02-07,65.84,loyal
C1119,O1119_05,2025-06-02,42.93,at_risk
C1033,O1033_09,2024-03-14,46.59,loyal
C1013,O1013_17,2024-03-22,62.29,champion
C1016,O1016_28,2024-01-30,45.2,champion
C1135,O1135_01,2024-11-24,34.46,at_risk
C1002,O1002_05,2025-06-02,201.32,champion
C1156,O1156_09,2026-02-12,25.76,cant_lose
C1135,O1135_11,2024-01-25,72.63,at_risk
C1118,O1118_02,2026-01-22,54.85,at_risk
C1019,O1019_10,2025-11-23,63.23,champion
C1014,O1014_20,2024-03-11,68.76,champion
C1020,O1020_06,2024-03-06,71.43,champion
C1034,O1034_10,2024-08-22,63.22,loyal
C1008,O1008_07,2024-11-11,28.6,champion
C1032,O1032_05,2025-03-18,67.41,loyal
C1064,O1064_05,2024-05-26,32.78,potential
C1055,O1055_07,2024-04-28,53.19,loyal
C1006,O1006_07,2024-04-15,69.47,champion
C1112,O1112_12,2024-02-04,31.08,at_risk
C1173,O1173_03,2025-04-24,66.51,hibernating
C1146,O1146_06,2024-04-10,48.11,at_risk
C1024,O1024_21,2024-02-19,126.13,champion
C1148,O1148_04,2025-09-05,62.63,cant_lose
C1073,O1073_08,2024-09-24,52.8,potential
C1158,O1158_11,2025-11-05,91.5,cant_lose
C1004,O1004_04,2025-12-18,131.07,champion
C1136,O1136_09,2024-01-13,23.68,at_risk
C1016,O1016_34,2025-12-05,46.49,champion
C1010,O1010_12,2024-07-24,135.6,champion
C1058,O1058_10,2025-04-14,51.27,loyal
C1123,O1123_08,2024-08-04,106.72,at_risk
C1111,O1111_01,2024-08-03,79.43,at_risk
C1109,O1109_01,2024-04-07,32.04,new
C1025,O1025_02,2024-10-14,37.67,loyal
C1042,O1042_10,2024-09-18,80.73,loyal
C1069,O1069_03,2025-11-03,24.14,potential
C1075,O1075_11,2024-01-31,26.32,potential
C1003,O1003_34,2025-07-01,57.37,champion
C1025,O1025_11,2024-06-06,47.74,loyal
C1001,O1001_12,2025-06-01,82.07,champion
C1076,O1076_03,2026-02-13,39.59,potential
C1062,O1062_09,2024-11-09,39.06,potential
C1021,O1021_06,2025-01-13,169.99,champion
C1070,O1070_03,2024-10-21,44.55,potential
C1155,O1155_20,2025-04-26,83.59,cant_lose
C1045,O1045_20,2024-01-07,44.2,loyal
C1076,O1076_06,2024-07-04,45.39,potential
C1089,O1089_03,2025-11-02,50.94,potential
C1130,O1130_06,2025-03-19,28.88,at_risk
C1043,O1043_12,2025-07-25,46.11,loyal
C1007,O1007_05,2024-08-03,137.15,champion
C1003,O1003_04,2025-03-17,23.01,champion
C1186,O1186_05,2024-10-03,33.91,hibernating
C1153,O1153_01,2025-09-08,99.33,cant_lose
C1131,O1131_06,2025-07-02,64.09,at_risk
C1008,O1008_35,2025-06-20,54.02,champion
C1062,O1062_02,2024-04-24,31.9,potential
C1031,O1031_07,2024-04-10,39.09,loyal
C1034,O1034_01,2026-01-14,62.3,loyal
C1009,O1009_30,2024-06-03,41.87,champion
C1081,O1081_09,2025-10-10,48.48,potential
C1081,O1081_11,2025-04-27,49.11,potential
C1022,O1022_18,2024-05-14,30.47,champion
C1002,O1002_16,2024-10-28,130.63,champion
C1025,O1025_10,2024-07-31,42.54,loyal
C1008,O1008_11,2026-02-07,48.72,champion
C1154,O1154_13,2024-11-05,57.4,cant_lose
C1048,O1048_14,2026-02-18,27.81,loyal
C1117,O1117_07,2025-01-16,78.52,at_risk
C1019,O1019_23,2025-07-02,51.72,champion
C1006,O1006_20,2024-10-28,110.63,champion
C1037,O1037_09,2025-01-20,78.78,loyal
C1142,O1142_09,2024-08-02,59.66,at_risk
C1059,O1059_02,2025-04-04,40.79,loyal
C1117,O1117_04,2024-01-27,49.17,at_risk
C1052,O1052_10,2025-07-17,63.64,loyal
C1001,O1001_09,2024-12-21,32.96,champion
C1060,O1060_16,2024-04-19,59.85,loyal
C1152,O1152_12,2024-10-07,109.05,cant_lose
C1061,O1061_01,2024-04-26,60.84,potential
C1077,O1077_05,2024-05-27,89.5,potential
C1057,O1057_18,2024-03-11,37.92,loyal
C1170,O1170_01,2025-12-20,59.51,hibernating
C1128,O1128_07,2024-07-10,28.74,at_risk
C1166,O1166_01,2025-08-11,41.64,hibernating
C1114,O1114_04,2024-09-14,48.21,at_risk
C1013,O1013_28,2024-04-22,65.3,champion
C1148,O1148_09,2024-06-01,50.91,cant_lose
C1154,O1154_10,2025-02-07,101.0,cant_lose
C1022,O1022_17,2025-09-18,86.27,champion
C1137,O1137_06,2026-01-07,28.43,at_risk
C1016,O1016_19,2025-11-08,48.87,champion
C1008,O1008_09,2024-01-09,66.15,champion
C1028,O1028_09,2024-09-27,26.95,loyal
C1010,O1010_01,2025-07-29,91.73,champion
C1012,O1012_07,2025-04-03,188.09,champion
C1137,O1137_03,2026-01-14,46.02,at_risk
C1097,O1097_03,2024-10-26,146.97,new
C1163,O1163_02,2024-05-05,95.04,hibernating
C1009,O1009_11,2024-01-25,57.66,champion
C1182,O1182_03,2024-03-04,64.99,hibernating
C1043,O1043_07,2024-11-18,62.54,loyal
C1046,O1046_11,2024-02-10,69.1,loyal
C1057,O1057_13,2025-08-04,51.18,loyal
C1089,O1089_06,2024-07-19,42.86,potential
C1029,O1029_04,2025-02-07,50.43,loyal
C1041,O1041_04,2024-06-02,23.88,loyal
C1003,O1003_28,2025-08-16,50.05,champion
C1048,O1048_07,2025-06-17,38.54,loyal
C1143,O1143_01,2025-04-25,85.47,at_risk
C1009,O1009_18,2025-08-12,41.91,champion
C1040,O1040_10,2024-06-25,34.08,loyal
C1044,O1044_13,2025-07-10,35.12,loyal
C1088,O1088_06,2024-12-03,26.89,potential
C1013,O1013_18,2025-08-07,138.94,champion
C1156,O1156_11,2024-06-11,38.93,cant_lose
C1045,O1045_01,2025-12-18,23.48,loyal
C1003,O1003_18,2024-11-10,45.42,champion
C1015,O1015_10,2024-05-07,47.13,champion
C1018,O1018_13,2024-11-10,118.37,champion
C1004,O1004_16,2025-10-16,97.24,champion
C1012,O1012_08,2025-06-27,88.85,champion
C1015,O1015_21,2025-10-15,31.62,champion
C1004,O1004_13,2024-10-14,90.33,champion
C1041,O1041_01,2024-08-25,50.59,loyal
C1124,O1124_02,2024-02-16,40.69,at_risk
C1072,O1072_03,2024-10-30,39.6,potential
C1076,O1076_02,2024-03-27,35.47,potential
C1135,O1135_03,2025-08-03,47.86,at_risk
C1057,O1057_03,2024-08-09,20.9,loyal
C1012,O1012_13,2024-09-30,136.31,champion
C1116,O1116_07,2025-09-14,48.2,at_risk
C1047,O1047_13,2025-09-18,31.33,loyal
C1111,O1111_07,2024-08-25,86.55,at_risk
C1158,O1158_05,2024-11-01,52.37,cant_lose
C1013,O1013_21,2026-02-04,122.36,champion
C1142,O1142_06,2026-02-02,66.97,at_risk
C1163,O1163_01,2024-02-01,83.2,hibernating
C1148,O1148_14,2025-12-09,130.63,cant_lose
C1169,O1169_05,2025-05-08,35.56,hibernating
C1020,O1020_24,2024-01-14,38.61,champion
C1116,O1116_02,2024-02-03,43.91,at_risk
C1130,O1130_03,2025-01-20,74.14,at_risk
C1067,O1067_02,2024-09-09,77.93,potential
C1020,O1020_23,2024-05-24,39.26,champion
C1139,O1139_01,2025-10-01,66.67,at_risk
C1144,O1144_10,2025-01-24,25.65,at_risk
C1154,O1154_15,2024-12-16,91.58,cant_lose
C1039,O1039_07,2024-03-01,59.23,loyal
C1029,O1029_12,2024-02-15,47.13,loyal
C1113,O1113_08,2025-07-14,66.65,at_risk
C1166,O1166_06,2024-11-27,40.42,hibernating
C1131,O1131_01,2024-04-10,80.72,at_risk
C1195,O1195_03,2024-07-01,73.81,lost
C1158,O1158_04,2025-08-06,48.1,cant_lose
C1010,O1010_09,2025-11-01,109.73,champion
C1003,O1003_35,2024-07-23,37.44,champion
C1024,O1024_01,2024-06-05,95.95,champion
C1009,O1009_20,2025-05-22,20.13,champion
C1149,O1149_16,2026-01-03,32.83,cant_lose
C1011,O1011_17,2025-01-05,60.94,champion
C1040,O1040_03,2024-06-08,50.23,loyal
C1193,O1193_01,2024-11-13,22.82,lost
C1090,O1090_01,2025-06-07,101.22,potential
C1024,O1024_09,2024-07-09,86.15,champion
C1008,O1008_01,2024-10-15,34.84,champion
C1151,O1151_04,2025-06-20,128.16,cant_lose
C1044,O1044_15,2024-12-21,40.67,loyal
C1160,O1160_03,2025-07-29,64.42,cant_lose
C1027,O1027_05,2025-08-20,22.41,loyal
C1149,O1149_04,2024-10-08,55.84,cant_lose
C1161,O1161_11,2024-10-17,141.62,cant_lose
C1165,O1165_02,2025-05-18,37.65,hibernating
C1014,O1014_03,2025-11-26,123.88,champion
C1020,O1020_17,2025-12-01,64.1,champion
C1015,O1015_02,2025-01-25,63.71,champion
C1060,O1060_09,2025-10-14,42.69,loyal
C1166,O1166_03,2025-02-22,39.92,hibernating
C1057,O1057_10,2024-11-24,33.78,loyal
C1142,O1142_05,2025-05-05,55.36,at_risk
C1010,O1010_18,2024-07-17,71.17,champion
C1031,O1031_01,2025-10-12,29.0,loyal
C1079,O1079_04,2024-04-30,45.52,potential
C1034,O1034_02,2024-03-20,79.23,loyal
C1023,O1023_18,2025-09-16,89.88,champion
C1032,O1032_04,2024-10-03,91.87,loyal
C1068,O1068_10,2024-12-05,36.0,potential
C1049,O1049_08,2025-11-21,74.8,loyal
C1020,O1020_03,2024-02-26,96.42,champion
C1001,O1001_11,2025-11-19,39.36,champion
C1003,O1003_38,2025-08-01,52.28,champion
C1125,O1125_14,2024-12-28,59.53,at_risk
C1114,O1114_01,2024-12-20,44.73,at_risk
C1089,O1089_07,2024-09-20,33.29,potential
C1063,O1063_06,2025-12-29,19.95,potential
C1124,O1124_11,2026-02-07,48.53,at_risk
C1079,O1079_03,2024-09-24,40.63,potential
C1150,O1150_02,2025-02-23,95.66,cant_lose
C1065,O1065_02,2025-10-15,23.55,potential
C1028,O1028_19,2025-12-27,32.45,loyal
C1145,O1145_10,2024-02-16,25.76,at_risk
C1160,O1160_07,2025-02-17,64.2,cant_lose
C1018,O1018_23,2024-04-02,110.39,champion
C1149,O1149_05,2025-07-19,115.19,cant_lose
C1026,O1026_04,2025-05-08,53.82,loyal
C1004,O1004_11,2024-06-17,59.38,champion
C1005,O1005_05,2024-06-01,150.05,champion
C1057,O1057_05,2024-10-28,29.68,loyal
C1008,O1008_13,2024-04-30,17.33,champion
C1006,O1006_12,2025-07-26,80.45,champion
C1020,O1020_08,2025-09-26,83.69,champion
C1063,O1063_04,2025-08-26,50.18,potential
C1111,O1111_05,2024-08-03,33.84,at_risk
C1038,O1038_13,2025-09-09,26.44,loyal
C1089,O1089_04,2025-07-26,62.14,potential
C1032,O1032_09,2024-08-20,122.64,loyal
C1092,O1092_01,2024-04-22,207.0,new
C1017,O1017_01,2024-09-20,43.81,champion
C1083,O1083_01,2025-06-15,30.8,potential
C1034,O1034_08,2025-12-10,54.7,loyal
C1084,O1084_05,2025-10-06,43.49,potential
C1024,O1024_22,2025-06-01,77.73,champion
C1137,O1137_12,2024-07-07,65.21,at_risk
C1010,O1010_20,2026-01-16,97.1,champion
C1044,O1044_17,2025-11-14,22.75,loyal
C1001,O1001_22,2024-06-13,62.09,champion
C1007,O1007_14,2025-10-08,52.18,champion
C1043,O1043_08,2026-02-24,83.0,loyal
C1074,O1074_04,2024-12-31,45.71,potential
C1082,O1082_06,2024-09-20,20.12,potential
C1060,O1060_14,2025-04-23,49.64,loyal
C1030,O1030_19,2024-03-04,24.18,loyal
C1019,O1019_27,2024-09-30,77.09,champion
C1145,O1145_08,2025-03-28,40.58,at_risk
C1042,O1042_06,2025-07-30,78.43,loyal
C1195,O1195_01,2024-11-02,52.52,lost
C1019,O1019_01,2025-01-27,49.13,champion
C1156,O1156_20,2024-08-09,30.14,cant_lose
C1022,O1022_30,2026-01-01,75.51,champion
C1003,O1003_03,2024-11-21,22.85,champion
C1012,O1012_02,2025-05-29,116.97,champion
C1122,O1122_06,2025-07-18,85.07,at_risk
C1036,O1036_08,2025-12-02,55.49,loyal
C1160,O1160_08,2024-03-07,41.51,cant_lose
C1038,O1038_03,2024-03-19,28.11,loyal
C1015,O1015_22,2025-06-28,45.15,champion
C1081,O1081_02,2024-08-28,22.09,potential
C1167,O1167_03,2024-07-05,39.94,hibernating
C1022,O1022_15,2025-04-05,73.39,champion
C1128,O1128_10,2024-10-20,37.99,at_risk
C1017,O1017_08,2025-08-31,48.46,champion
C1186,O1186_02,2025-12-22,26.71,hibernating
C1016,O1016_25,2024-03-09,95.2,champion
C1135,O1135_09,2025-09-30,58.57,at_risk
C1039,O1039_10,2025-09-16,56.46,loyal
C1010,O1010_14,2025-05-24,94.66,champion
C1032,O1032_06,2024-02-17,75.21,loyal
C1159,O1159_11,2024-11-09,157.49,cant_lose
C1113,O1113_05,2025-02-11,79.7,at_risk
C1022,O1022_25,2025-01-03,53.05,champion
C1020,O1020_29,2025-05-02,53.76,champion
C1120,O1120_01,2024-05-15,59.62,at_risk
C1127,O1127_01,2024-01-24,31.13,at_risk
C1136,O1136_07,2026-02-11,74.37,at_risk
C1151,O1151_01,2024-02-10,187.89,cant_lose
C1015,O1015_25,2024-11-24,80.62,champion
C1016,O1016_18,2025-09-21,54.96,champion
C1093,O1093_01,2024-11-19,69.57,new
C1018,O1018_02,2025-12-11,61.52,champion
C1009,O1009_23,2024-07-19,44.71,champion
C1048,O1048_06,2024-01-30,32.84,loyal
C1190,O1190_01,2025-03-29,27.59,lost
C1129,O1129_04,2026-02-15,140.98,at_risk
C1042,O1042_12,2025-01-01,92.2,loyal
C1172,O1172_03,2024-05-13,118.01,hibernating
C1147,O1147_16,2024-05-08,90.86,cant_lose
C1118,O1118_07,2024-01-22,45.1,at_risk
C1040,O1040_08,2024-11-15,31.44,loyal
C1052,O1052_09,2024-02-03,39.87,loyal
C1096,O1096_03,2024-10-21,108.57,new
C1001,O1001_29,2024-04-26,65.91,champion
C1009,O1009_21,2025-05-03,55.77,champion
C1058,O1058_06,2024-03-18,53.37,loyal
C1151,O1151_03,2025-12-08,125.17,cant_lose
C1014,O1014_04,2024-12-28,44.77,champion
C1030,O1030_15,2024-04-10,31.51,loyal
C1152,O1152_14,2024-05-15,61.42,cant_lose
C1156,O1156_24,2026-02-19,27.04,cant_lose
C1012,O1012_09,2025-01-02,54.72,champion
C1186,O1186_03,2025-08-05,57.77,hibernating
C1179,O1179_01,2025-11-08,62.86,hibernating
C1039,O1039_05,2025-11-19,73.53,loyal
C1068,O1068_06,2025-02-23,33.73,potential
C1181,O1181_01,2025-03-07,61.05,hibernating
C1004,O1004_06,2025-04-23,149.24,champion
C1157,O1157_11,2024-05-26,71.62,cant_lose
C1134,O1134_12,2024-07-20,43.26,at_risk
C1087,O1087_03,2024-11-03,104.35,potential
C1020,O1020_20,2024-11-02,29.99,champion
C1016,O1016_08,2024-12-16,37.33,champion
C1044,O1044_04,2025-09-18,22.88,loyal
C1154,O1154_19,2025-05-31,31.78,cant_lose
C1007,O1007_21,2024-12-24,114.72,champion
C1145,O1145_07,2024-02-07,56.33,at_risk
C1043,O1043_06,2025-05-18,75.55,loyal
C1003,O1003_39,2025-05-31,48.88,champion
C1003,O1003_29,2024-07-13,44.91,champion
C1042,O1042_02,2025-11-29,66.52,loyal
C1115,O1115_01,2025-02-01,38.58,at_risk
C1121,O1121_02,2024-11-02,74.08,at_risk
C1030,O1030_07,2025-10-06,29.42,loyal
C1111,O1111_03,2024-11-18,93.69,at_risk
C1185,O1185_02,2024-04-02,27.2,hibernating
C1014,O1014_01,2024-05-06,52.87,champion
C1034,O1034_07,2024-01-18,93.9,loyal
C1057,O1057_19,2024-12-24,18.36,loyal
C1075,O1075_09,2024-01-17,28.72,potential
C1028,O1028_04,2024-11-01,49.11,loyal
C1051,O1051_18,2024-08-19,61.69,loyal
C1021,O1021_01,2025-04-15,141.72,champion
C1152,O1152_11,2025-10-01,121.89,cant_lose
C1144,O1144_11,2024-01-19,49.22,at_risk
C1072,O1072_08,2025-09-11,44.35,potential
C1178,O1178_01,2024-03-21,113.13,hibernating
C1020,O1020_16,2024-07-22,68.96,champion
C1048,O1048_16,2025-02-14,38.28,loyal
C1024,O1024_06,2024-02-15,134.81,champion
C1017,O1017_20,2025-07-15,52.22,champion
C1013,O1013_20,2024-07-18,61.64,champion
C1168,O1168_02,2024-12-29,29.42,hibernating
C1066,O1066_04,2025-05-26,76.76,potential
C1185,O1185_03,2024-04-07,34.49,hibernating
C1124,O1124_09,2025-02-16,54.6,at_risk
C1001,O1001_13,2024-08-26,38.05,champion
C1021,O1021_12,2025-12-07,72.62,champion
C1141,O1141_03,2025-05-03,46.72,at_risk
C1030,O1030_14,2026-01-09,60.22,loyal
C1008,O1008_31,2025-09-23,57.67,champion
C1004,O1004_17,2024-01-29,105.79,champion
C1184,O1184_03,2025-05-12,52.07,hibernating
C1075,O1075_06,2025-05-29,28.79,potential
C1133,O1133_03,2024-04-18,41.26,at_risk
C1088,O1088_02,2025-12-09,48.86,potential
C1010,O1010_19,2024-01-05,96.44,champion
C1158,O1158_09,2025-05-26,34.84,cant_lose
C1052,O1052_01,2024-08-18,49.6,loyal
C1160,O1160_04,2025-03-20,60.18,cant_lose
C1016,O1016_13,2024-07-31,67.99,champion
C1133,O1133_10,2024-09-24,50.56,at_risk
C1078,O1078_04,2024-12-28,29.71,potential
C1129,O1129_01,2025-03-21,120.58,at_risk
C1150,O1150_08,2024-03-16,96.22,cant_lose
C1155,O1155_17,2025-12-06,87.63,cant_lose
C1013,O1013_12,2024-07-09,40.72,champion
C1055,O1055_09,2025-08-16,54.81,loyal
C1006,O1006_01,2026-01-12,68.93,champion
C1126,O1126_05,2024-05-27,168.82,at_risk
C1071,O1071_08,2024-06-03,57.52,potential
C1139,O1139_03,2024-11-27,52.47,at_risk
C1024,O1024_16,2024-02-04,124.61,champion
C1038,O1038_08,2025-01-12,44.92,loyal
C1062,O1062_11,2025-12-16,23.81,potential
C1045,O1045_02,2024-05-02,22.8,loyal
C1164,O1164_06,2025-11-24,34.07,hibernating
C1064,O1064_04,2024-09-01,27.44,potential
C1050,O1050_11,2025-09-28,27.81,loyal
C1120,O1120_09,2026-01-25,66.69,at_risk
C1001,O1001_33,2025-01-14,58.74,champion
C1118,O1118_15,2024-10-26,37.07,at_risk
C1140,O1140_11,2025-08-29,79.92,at_risk
C1045,O1045_06,2024-01-18,27.95,loyal
C1019,O1019_18,2025-09-22,42.38,champion
C1161,O1161_08,2025-12-24,66.31,cant_lose
C1068,O1068_07,2024-02-01,25.35,potential
C1117,O1117_09,2024-04-27,74.5,at_risk
C1050,O1050_01,2025-04-10,60.11,loyal
C1045,O1045_19,2024-12-23,34.32,loyal
C1009,O1009_04,2024-09-15,66.45,champion
C1006,O1006_05,2024-05-29,80.34,champion
C1003,O1003_31,2024-09-30,75.63,champion
C1068,O1068_03,2025-07-05,38.87,potential
C1111,O1111_04,2025-06-04,45.4,at_risk
C1187,O1187_03,2025-09-29,42.71,lost
C1104,O1104_02,2024-03-12,98.78,new
C1022,O1022_29,2025-10-17,63.32,champion
C1169,O1169_04,2024-10-31,25.47,hibernating
C1048,O1048_03,2025-06-21,21.26,loyal
C1151,O1151_09,2024-02-06,83.98,cant_lose
C1134,O1134_03,2024-01-26,29.74,at_risk
C1071,O1071_05,2024-10-05,33.53,potential
C1018,O1018_05,2024-07-28,128.31,champion
C1114,O1114_03,2025-09-01,31.89,at_risk
C1155,O1155_12,2024-03-23,72.42,cant_lose
C1009,O1009_10,2024-08-09,59.51,champion
C1050,O1050_06,2024-08-27,51.26,loyal
C1127,O1127_08,2025-02-11,44.51,at_risk
C1139,O1139_06,2024-10-04,57.5,at_risk
C1055,O1055_11,2025-04-28,31.76,loyal
C1194,O1194_01,2024-10-11,35.1,lost
C1028,O1028_11,2025-10-30,44.48,loyal
C1017,O1017_04,2025-01-18,91.24,champion
C1022,O1022_26,2025-04-08,60.71,champion
C1040,O1040_09,2024-10-13,44.81,loyal
C1133,O1133_12,2025-11-28,34.42,at_risk
C1166,O1166_05,2025-05-11,28.42,hibernating
C1119,O1119_06,2024-09-15,101.35,at_risk
C1076,O1076_04,2024-11-30,66.75,potential
C1185,O1185_04,2024-12-05,54.14,hibernating
C1019,O1019_19,2024-05-28,60.14,champion
C1045,O1045_13,2025-08-17,35.09,loyal
C1167,O1167_02,2024-12-19,55.86,hibernating
C1156,O1156_12,2025-11-10,35.35,cant_lose
C1049,O1049_06,2024-09-12,80.48,loyal
C1164,O1164_04,2024-08-11,15.45,hibernating
C1162,O1162_07,2025-09-22,46.12,cant_lose
C1019,O1019_13,2025-08-14,29.54,champion
C1157,O1157_04,2025-09-01,55.61,cant_lose
C1018,O1018_01,2024-06-20,58.3,champion
C1045,O1045_04,2025-01-01,35.74,loyal
C1022,O1022_11,2025-05-10,87.98,champion
C1123,O1123_01,2026-01-14,87.36,at_risk
C1015,O1015_04,2024-07-05,59.58,champion
C1196,O1196_01,2025-05-11,35.29,lost
C1127,O1127_03,2024-12-16,46.58,at_risk
C1010,O1010_08,2024-04-20,102.56,champion
C1063,O1063_01,2026-01-02,41.28,potential
C1070,O1070_02,2025-11-21,49.84,potential
C1013,O1013_27,2025-06-15,98.57,champion
C1009,O1009_07,2024-10-12,38.54,champion
C1003,O1003_26,2025-05-10,59.28,champion
C1154,O1154_14,2024-11-19,84.51,cant_lose
C1007,O1007_11,2024-10-18,92.57,champion
C1028,O1028_14,2024-11-16,37.21,loyal
C1057,O1057_02,2024-12-30,49.26,loyal
C1051,O1051_09,2026-01-06,29.62,loyal
C1005,O1005_04,2024-08-02,122.84,champion
C1021,O1021_13,2024-11-27,111.69,champion
C1055,O1055_04,2025-09-15,69.13,loyal
C1024,O1024_12,2024-07-20,97.49,champion
C1035,O1035_10,2025-12-04,46.89,loyal
C1006,O1006_14,2024-04-06,54.58,champion
C1133,O1133_08,2025-11-08,33.72,at_risk
C1137,O1137_14,2026-02-01,30.97,at_risk
C1154,O1154_12,2025-11-05,69.04,cant_lose
C1148,O1148_15,2024-10-16,56.61,cant_lose
C1068,O1068_12,2025-08-23,19.13,potential
C1047,O1047_12,2024-10-03,52.13,loyal
C1004,O1004_18,2024-08-01,30.91,champion
C1032,O1032_10,2024-09-08,53.89,loyal
C1023,O1023_13,2025-01-14,26.76,champion
C1018,O1018_08,2024-05-21,54.51,champion
C1045,O1045_14,2026-01-02,49.72,loyal
C1126,O1126_03,2024-02-15,80.59,at_risk
C1045,O1045_05,2025-07-19,17.08,loyal
C1051,O1051_01,2024-08-12,29.85,loyal
C1024,O1024_17,2024-09-13,50.66,champion
C1059,O1059_09,2025-08-05,55.07,loyal
C1053,O1053_11,2025-10-10,82.83,loyal
C1128,O1128_12,2025-11-21,41.85,at_risk
C1036,O1036_05,2025-11-27,29.43,loyal
C1010,O1010_11,2025-09-10,135.25,champion
C1072,O1072_05,2025-07-14,19.03,potential
C1128,O1128_03,2024-03-22,73.49,at_risk
C1137,O1137_11,2024-02-18,32.46,at_risk
C1064,O1064_01,2024-12-14,43.1,potential
C1023,O1023_15,2025-10-24,31.1,champion
C1046,O1046_02,2026-01-17,106.81,loyal
C1023,O1023_04,2024-07-16,30.04,champion
C1148,O1148_08,2024-11-11,76.59,cant_lose
C1106,O1106_02,2025-12-07,113.76,new
C1035,O1035_04,2025-01-16,74.65,loyal
C1162,O1162_09,2025-02-13,67.05,cant_lose
C1009,O1009_26,2024-10-11,33.28,champion
C1137,O1137_04,2024-08-25,43.19,at_risk
C1170,O1170_04,2025-10-27,58.62,hibernating
C1054,O1054_02,2024-07-03,43.27,loyal
C1149,O1149_13,2025-11-27,79.86,cant_lose
C1038,O1038_19,2025-01-22,37.12,loyal
C1156,O1156_23,2026-02-10,57.73,cant_lose
C1031,O1031_06,2025-08-18,49.54,loyal
C1160,O1160_16,2024-09-05,90.63,cant_lose
C1003,O1003_21,2026-02-11,98.83,champion
C1030,O1030_01,2024-06-07,51.63,loyal
C1145,O1145_06,2025-09-22,44.34,at_risk
C1160,O1160_12,2025-07-27,101.96,cant_lose
C1049,O1049_04,2025-12-27,70.87,loyal
C1125,O1125_03,2025-04-02,31.15,at_risk
C1130,O1130_02,2025-09-23,30.33,at_risk
C1035,O1035_02,2024-12-06,35.34,loyal
C1069,O1069_12,2024-01-03,42.54,potential
C1180,O1180_03,2025-07-31,51.85,hibernating
C1137,O1137_01,2024-09-07,52.89,at_risk
C1063,O1063_09,2025-11-28,26.63,potential
C1158,O1158_03,2025-11-18,46.08,cant_lose
C1064,O1064_08,2026-01-11,23.78,potential
C1012,O1012_18,2025-05-31,91.52,champion
C1084,O1084_08,2024-05-21,25.76,potential
C1038,O1038_06,2024-02-25,29.47,loyal
C1135,O1135_05,2024-12-13,78.82,at_risk
C1151,O1151_10,2025-05-01,60.69,cant_lose
C1169,O1169_03,2025-04-25,72.55,hibernating
C1011,O1011_02,2025-11-25,78.61,champion
C1055,O1055_06,2024-10-20,62.81,loyal
C1080,O1080_03,2024-01-29,62.32,potential
C1015,O1015_23,2025-05-31,33.82,champion
C1015,O1015_11,2025-08-16,121.14,champion
C1042,O1042_08,2024-08-24,51.6,loyal
C1125,O1125_02,2024-01-04,43.34,at_risk
C1062,O1062_10,2024-05-18,42.54,potential
C1008,O1008_12,2025-03-05,26.15,champion
C1053,O1053_04,2024-06-08,30.48,loyal
C1059,O1059_11,2025-08-07,52.73,loyal
C1039,O1039_03,2025-10-04,53.98,loyal
C1174,O1174_04,2025-09-13,25.38,hibernating
C1012,O1012_12,2025-09-24,68.59,champion
C1156,O1156_14,2024-12-17,57.42,cant_lose
C1035,O1035_09,2025-04-30,87.11,loyal
C1137,O1137_13,2025-10-11,32.86,at_risk
C1105,O1105_01,2024-03-15,74.96,new
C1063,O1063_07,2024-01-09,52.97,potential
C1026,O1026_05,2024-01-01,40.84,loyal
C1081,O1081_06,2025-04-24,31.15,potential
C1157,O1157_14,2026-01-13,33.96,cant_lose
C1156,O1156_13,2024-06-06,47.83,cant_lose
C1079,O1079_06,2024-08-25,68.32,potential
C1036,O1036_15,2025-08-10,33.33,loyal
C1016,O1016_11,2025-11-20,66.93,champion
C1155,O1155_04,2025-12-16,49.02,cant_lose
C1016,O1016_02,2025-05-01,57.74,champion
